document_id,external_id,document_name,attribute_id,attribute_label,attribute_presence,human_additional_text,item_attribute_full_text_details,citation_page,citation_highlight_text,human_extraction,llm_extraction,llm_reasoning,llm_verbatim_text,human_verbatim_fuzzy_match_pct,llm_verbatim_fuzzy_match_pct,extraction_run_id
60023523,0033a9dc-c1f5-4f47-842c-089a2d11b676,The characterization of mechanical behaviour on kenaf fibre / polypropylene composites,0,include - high precision,True,,,,,False,False,"The document discusses wood plastic composites and their mechanical properties but does not address any climate-related factors, climate change, or health outcomes. Therefore, it does not meet the criteria for inclusion.",,0.00,0.00,2026-08-18_14-01-06_
60023523,0033a9dc-c1f5-4f47-842c-089a2d11b676,The characterization of mechanical behaviour on kenaf fibre / polypropylene composites,5,include - best balance,True,,,,,False,False,"The study focuses on the mechanical properties of wood plastic composites and does not provide any substantive climate-related component or health, mitigation, or adaptation pathways. Thus, it does not qualify for inclusion.",,0.00,0.00,2026-08-18_14-01-06_
60023523,0033a9dc-c1f5-4f47-842c-089a2d11b676,The characterization of mechanical behaviour on kenaf fibre / polypropylene composites,6,include - high recall,True,,,,,False,False,"The content of the document does not discuss any climate-related components or their connection to health, mitigation, or adaptation. Therefore, it does not satisfy the inclusion criteria.",,0.00,0.00,2026-08-18_14-01-06_
5471,010cea96-52e4-4819-8944-88d4b08345aa,Presence of pleural plaques and/or asbestosis and the risk of lung cancer in a Crocidolite asbestos exposed population from Western Australia,0,include - high precision,True,,,,,False,False,"The document discusses asbestos exposure and its health impacts, but does not mention any climate-related factors or actions that would connect it to climate change or health in the context of the DESTINY repository's criteria.",,0.00,0.00,2026-08-18_14-01-06_
5471,010cea96-52e4-4819-8944-88d4b08345aa,Presence of pleural plaques and/or asbestosis and the risk of lung cancer in a Crocidolite asbestos exposed population from Western Australia,5,include - best balance,True,,,,,False,False,"The study focuses on asbestos exposure and its health effects, without addressing any climate-related components or pathways related to health, mitigation, or adaptation.",,0.00,0.00,2026-08-18_14-01-06_
5471,010cea96-52e4-4819-8944-88d4b08345aa,Presence of pleural plaques and/or asbestosis and the risk of lung cancer in a Crocidolite asbestos exposed population from Western Australia,6,include - high recall,True,,,,,False,False,The content of the document does not include any climate-related components or pathways that would qualify it for inclusion based on the specified criteria.,,0.00,0.00,2026-08-18_14-01-06_
815689216,023f6c50-518e-4630-877f-026227409a4a,Improvement and application of UNet network for avoiding the effect of urban dense high-rise buildings and other feature shadows on water body extraction,0,include - high precision,True,,,,,False,False,"The abstract does not mention any substantive connection to climate change, climate variability, or any climate-related factors. It focuses on water body extraction using neural networks without addressing climate-related issues.",,0.00,0.00,2026-08-18_14-01-06_
815689216,023f6c50-518e-4630-877f-026227409a4a,Improvement and application of UNet network for avoiding the effect of urban dense high-rise buildings and other feature shadows on water body extraction,5,include - best balance,True,,,,,False,False,"The abstract does not provide any information that connects the study to health, mitigation, or adaptation pathways. It primarily discusses a technical method for water extraction without addressing any health implications or climate actions.",,0.00,0.00,2026-08-18_14-01-06_
815689216,023f6c50-518e-4630-877f-026227409a4a,Improvement and application of UNet network for avoiding the effect of urban dense high-rise buildings and other feature shadows on water body extraction,6,include - high recall,True,,,,,False,False,"The study does not mention any animal studies or their connection to climate mitigation, adaptation, human food security, or human health. It focuses solely on a neural network model for water extraction.",,0.00,0.00,2026-08-18_14-01-06_
558553,04cbc527-875c-44bd-ad19-a57458f0eaaf,New shop owners in old buildings: spatial politics of the apparel industry in Kyrgyzstan,0,include - high precision,True,,,,,False,False,"The context does not mention any substantive connection to climate change, climate variability, or any climate-related factors. It focuses on the apparel manufacturing sector in Kyrgyzstan and the challenges related to electricity access, without addressing climate-related issues.",,0.00,0.00,2026-08-18_14-01-06_
558553,04cbc527-875c-44bd-ad19-a57458f0eaaf,New shop owners in old buildings: spatial politics of the apparel industry in Kyrgyzstan,5,include - best balance,True,,,,,False,False,"The context does not provide any information that connects to health, mitigation, or adaptation in relation to climate change. It discusses the operational challenges of shop owners in Kyrgyzstan without any reference to health outcomes or climate-related interventions.",,0.00,0.00,2026-08-18_14-01-06_
558553,04cbc527-875c-44bd-ad19-a57458f0eaaf,New shop owners in old buildings: spatial politics of the apparel industry in Kyrgyzstan,6,include - high recall,True,,,,,False,False,"The context does not indicate any relationship between climate factors and health, mitigation, or adaptation. It focuses solely on the economic and infrastructural aspects of the apparel sector in Kyrgyzstan.",,0.00,0.00,2026-08-18_14-01-06_
6365261,05d82313-c646-4ba4-a73f-5e1afccb8c9c,RESEARCH OF CONSEQUENCES OF EMERGENCY SITUATIONS AT THE INDUSTRIAL PIPELINES,0,include - high precision,True,,,,,False,False,"The document discusses emergency situations related to industrial pipelines, focusing on risks and technical analyses, but does not substantively connect to climate change or health issues as defined in the inclusion criteria.",,0.00,0.00,2026-08-18_14-01-06_
6365261,05d82313-c646-4ba4-a73f-5e1afccb8c9c,RESEARCH OF CONSEQUENCES OF EMERGENCY SITUATIONS AT THE INDUSTRIAL PIPELINES,5,include - best balance,True,,,,,False,False,"The content primarily addresses technical aspects of pipeline safety and does not provide a substantive climate-related component or a qualifying health, mitigation, or adaptation component as required for inclusion.",,0.00,0.00,2026-08-18_14-01-06_
6365261,05d82313-c646-4ba4-a73f-5e1afccb8c9c,RESEARCH OF CONSEQUENCES OF EMERGENCY SITUATIONS AT THE INDUSTRIAL PIPELINES,6,include - high recall,True,,,,,False,False,"The document does not present any evidence or discussion that connects to climate change, health, mitigation, or adaptation pathways, which are necessary for inclusion.",,0.00,0.00,2026-08-18_14-01-06_
51599178,0e3bc1fb-5fe4-4537-baff-90b1f9683015,"Ensuring science is useful, usable and used in global disaster risk reduction and sustainable development: a view through the Sendai framework lens",0,include - high precision,True,,,,,True,False,"The abstract does not mention any specific climate-related components such as climate change, climate variability, or climate-related extreme events. It focuses on the Sendai Framework and its emphasis on science in disaster risk reduction without a direct connection to climate factors.",,0.00,0.00,2026-08-18_14-01-06_
51599178,0e3bc1fb-5fe4-4537-baff-90b1f9683015,"Ensuring science is useful, usable and used in global disaster risk reduction and sustainable development: a view through the Sendai framework lens",5,include - best balance,True,,,,,True,False,"The abstract does not provide any substantive climate-related components or qualifying health, mitigation, or adaptation components. It discusses the Sendai Framework but does not connect it to climate change or health outcomes.",,0.00,0.00,2026-08-18_14-01-06_
51599178,0e3bc1fb-5fe4-4537-baff-90b1f9683015,"Ensuring science is useful, usable and used in global disaster risk reduction and sustainable development: a view through the Sendai framework lens",6,include - high recall,True,,,,,True,False,"The abstract does not indicate any specific climate-related components or health components that would qualify it for inclusion. It primarily discusses the Sendai Framework without addressing climate change, health, mitigation, or adaptation.",,0.00,0.00,2026-08-18_14-01-06_
35400,0ff90214-b5e5-48c8-af5f-112cb3076ba0,STEP-UP & SCALE-UP: Building dRTP Support and Training Networks,0,include - high precision,True,,,,,False,False,The context provided does not mention any substantive connection to climate change or health. It focuses on initiatives related to digital Research Technical Professionals and does not address climate-related factors or health outcomes.,,0.00,0.00,2026-08-18_14-01-06_
35400,0ff90214-b5e5-48c8-af5f-112cb3076ba0,STEP-UP & SCALE-UP: Building dRTP Support and Training Networks,5,include - best balance,True,,,,,False,False,"The context does not satisfy the inclusion criteria for climate-related components or health, mitigation, or adaptation pathways. It discusses training and support for digital Research Technical Professionals without any mention of climate change or health.",,0.00,0.00,2026-08-18_14-01-06_
35400,0ff90214-b5e5-48c8-af5f-112cb3076ba0,STEP-UP & SCALE-UP: Building dRTP Support and Training Networks,6,include - high recall,True,,,,,False,False,"The document does not provide any information that connects to climate-related hazards, health outcomes, or adaptation strategies. It is focused on professional development in research computing rather than climate or health issues.",,0.00,0.00,2026-08-18_14-01-06_
4658342,109d2025-cafe-43d1-9b24-e5dba4f68ea4,Dealing with the Unseen: Assessing and Addressing Implicit Attitudes to Enhance Professional Success in Geriatric Mental Healthcare,0,include - high precision,True,,,,,False,False,The context does not mention any climate-related components or factors that would connect it to climate change or health. It focuses on social attitudes and healthcare inequities without addressing climate issues.,,0.00,0.00,2026-08-18_14-01-06_
4658342,109d2025-cafe-43d1-9b24-e5dba4f68ea4,Dealing with the Unseen: Assessing and Addressing Implicit Attitudes to Enhance Professional Success in Geriatric Mental Healthcare,5,include - best balance,True,,,,,False,False,"The abstract does not contain any substantive climate-related components or pathways related to health, mitigation, or adaptation. It discusses social attitudes and healthcare inequities without any mention of climate.",,0.00,0.00,2026-08-18_14-01-06_
4658342,109d2025-cafe-43d1-9b24-e5dba4f68ea4,Dealing with the Unseen: Assessing and Addressing Implicit Attitudes to Enhance Professional Success in Geriatric Mental Healthcare,6,include - high recall,True,,,,,False,False,The content does not include any climate-related components or health pathways that would qualify it for inclusion. It focuses on implicit biases and healthcare disparities without addressing climate change.,,0.00,0.00,2026-08-18_14-01-06_
34172,147dd49c-acb3-481c-b17d-98cb19eda4e8,,0,include - high precision,True,,,,,False,False,"The context provided does not mention any substantive connection to climate change, climate variability, or any climate-related factors. It focuses on the aviation industry and digital transformation without addressing climate-related issues.",,0.00,0.00,2026-08-18_14-01-06_
34172,147dd49c-acb3-481c-b17d-98cb19eda4e8,,5,include - best balance,True,,,,,False,False,"The document does not contain any substantive climate-related components or connections to health, mitigation, or adaptation. It discusses aviation technology and customer satisfaction systems, which are unrelated to climate change or health.",,0.00,0.00,2026-08-18_14-01-06_
34172,147dd49c-acb3-481c-b17d-98cb19eda4e8,,6,include - high recall,True,,,,,False,False,"The context does not provide any evidence of a relationship between climate-related factors and health, mitigation, or adaptation. The focus is solely on aviation and technology, lacking any relevant climate components.",,0.00,0.00,2026-08-18_14-01-06_
7338834,1d1526ba-04b9-4b07-9e2f-bb420a444f73,Phenanthraquinone inhibits eNOS activity and suppresses vasorelaxation,0,include - high precision,True,,,,,False,True,"The study discusses the effects of phenanthraquinone, a component of diesel exhaust particles, on endothelial nitric oxide synthase (eNOS) activity and its implications for vascular health, which connects to climate-related factors such as air pollution from fossil fuels.","Phenanthraquinone has a potent inhibitory action on eNOS activity via a similar mechanism reported for nNOS, thereby causing the suppression of NO-mediated vasorelaxation and elevation of blood pressure.",0.00,99.75,2026-08-18_14-01-06_
7338834,1d1526ba-04b9-4b07-9e2f-bb420a444f73,Phenanthraquinone inhibits eNOS activity and suppresses vasorelaxation,5,include - best balance,True,,,,,False,True,"The study evaluates the impact of phenanthraquinone, a pollutant from diesel exhaust, on endothelial function and blood pressure, which relates to both health outcomes and the effects of climate-related air pollution.",Phenanthraquinone inhibited NO formation evaluated by citrulline formed by total membrane fraction of bovine aortic endothelial cells with an IC(50) value of 0.6 microM.,0.00,100.00,2026-08-18_14-01-06_
7338834,1d1526ba-04b9-4b07-9e2f-bb420a444f73,Phenanthraquinone inhibits eNOS activity and suppresses vasorelaxation,6,include - high recall,True,,,,,False,True,"The research examines the effects of phenanthraquinone on endothelial function, which is relevant to health and is influenced by climate-related factors such as air pollution, thus qualifying for inclusion.",Phenanthraquinone inhibited NO formation evaluated by citrulline formed by total membrane fraction of bovine aortic endothelial cells with an IC(50) value of 0.6 microM.,0.00,100.00,2026-08-18_14-01-06_
212484,202d1bc8-c1d3-4919-b40e-d7560ac9d3ff,Multi Layer Feature Fusion of Radar and Vision for Obstacle Detection in Complex Scenes,0,include - high precision,True,,,,,False,False,"The context does not mention any substantive connection to climate change or health. It focuses on autonomous driving technology and obstacle detection, which are not related to climate or health issues.",,0.00,0.00,2026-08-18_14-01-06_
212484,202d1bc8-c1d3-4919-b40e-d7560ac9d3ff,Multi Layer Feature Fusion of Radar and Vision for Obstacle Detection in Complex Scenes,5,include - best balance,True,,,,,False,False,"The document does not provide any information that connects to climate change or health, nor does it discuss mitigation or adaptation strategies. It is solely focused on technology for autonomous driving.",,0.00,0.00,2026-08-18_14-01-06_
212484,202d1bc8-c1d3-4919-b40e-d7560ac9d3ff,Multi Layer Feature Fusion of Radar and Vision for Obstacle Detection in Complex Scenes,6,include - high recall,True,,,,,False,False,There is no mention of any climate-related components or health components in the context provided. The focus is entirely on a multimodal fusion method for obstacle detection in autonomous vehicles.,,0.00,0.00,2026-08-18_14-01-06_
1680444,24cd711b-5b02-4f55-a8f6-9fde10f61a47,THE FREQUENCY OF USE OF VARIOUS DRUGS IN TREATING THE DISEASES OF THE CARDIOVASCULAR SYSTEM IN PATIENTS OF THE THERAPY DEPARTMENT,0,include - high precision,True,,,,,False,False,"The document does not discuss any substantive climate-related components or health-related components that would qualify it for inclusion in the DESTINY repository. It focuses on economic sanctions and their impact on agriculture, without any mention of climate change or health.",,0.00,0.00,2026-08-18_14-01-06_
1680444,24cd711b-5b02-4f55-a8f6-9fde10f61a47,THE FREQUENCY OF USE OF VARIOUS DRUGS IN TREATING THE DISEASES OF THE CARDIOVASCULAR SYSTEM IN PATIENTS OF THE THERAPY DEPARTMENT,5,include - best balance,True,,,,,False,False,"The document does not provide any substantive climate-related components or health, mitigation, or adaptation pathways that would qualify it for inclusion. It primarily discusses economic sanctions in the agrarian sector without addressing climate change or health issues.",,0.00,0.00,2026-08-18_14-01-06_
1680444,24cd711b-5b02-4f55-a8f6-9fde10f61a47,THE FREQUENCY OF USE OF VARIOUS DRUGS IN TREATING THE DISEASES OF THE CARDIOVASCULAR SYSTEM IN PATIENTS OF THE THERAPY DEPARTMENT,6,include - high recall,True,,,,,False,False,"The content of the document does not meet any of the inclusion pathways related to climate change, health, mitigation, or adaptation. It focuses solely on economic sanctions and their effects on agriculture.",,0.00,0.00,2026-08-18_14-01-06_
55028098,27c06597-b89d-4e17-9c57-4ef83517cc85,Postoperative AKI After Open-Heart Surgery: What Else Can We Do?,0,include - high precision,True,,,,,False,False,"The document primarily discusses cardiac surgery and its complications, specifically acute kidney injury (AKI) and the effects of nitric oxide (NO) on renal function. There is no substantive connection to climate change or climate-related factors, which are required for inclusion in the DESTINY repository.",,0.00,0.00,2026-08-18_14-01-06_
55028098,27c06597-b89d-4e17-9c57-4ef83517cc85,Postoperative AKI After Open-Heart Surgery: What Else Can We Do?,5,include - best balance,True,,,,,False,False,"The study does not address any substantive climate-related component or its connection to health, mitigation, or adaptation. It focuses on medical outcomes related to cardiac surgery without any mention of climate factors.",,0.00,0.00,2026-08-18_14-01-06_
55028098,27c06597-b89d-4e17-9c57-4ef83517cc85,Postoperative AKI After Open-Heart Surgery: What Else Can We Do?,6,include - high recall,True,,,,,False,False,"The document does not include any qualifying climate mitigation, adaptation, or human health connections. It is centered on surgical outcomes and does not relate to climate change or health in the context required for inclusion.",,0.00,0.00,2026-08-18_14-01-06_
6994644,2f395670-3519-4993-9fe3-d62efbf02f7d,Itchy and scratchy? An investigation of human cercarial dermatitis in the UK,0,include - high precision,True,,,,,False,False,"The context does not mention any substantive connection to climate change, climate variability, or any climate-related factors. It focuses on human cercarial dermatitis and its impact on open water swimmers without addressing climate-related components.",,0.00,0.00,2026-08-18_14-01-06_
6994644,2f395670-3519-4993-9fe3-d62efbf02f7d,Itchy and scratchy? An investigation of human cercarial dermatitis in the UK,5,include - best balance,True,,,,,False,False,"The document does not provide any substantive climate-related component or a qualifying health, mitigation, or adaptation component. It discusses a health issue but does not connect it to climate change or related factors.",,0.00,0.00,2026-08-18_14-01-06_
6994644,2f395670-3519-4993-9fe3-d62efbf02f7d,Itchy and scratchy? An investigation of human cercarial dermatitis in the UK,6,include - high recall,True,,,,,False,False,"The context does not indicate any relationship between climate factors and health outcomes, nor does it discuss any interventions related to climate mitigation or adaptation. The focus is solely on cercarial dermatitis.",,0.00,0.00,2026-08-18_14-01-06_
4730636120,336a0cf5-5760-408f-be0a-3179301757d9,The strategic surprise of Russian information operations on social media in 2016 in the United States: mapping a blind spot,0,include - high precision,True,,,,,False,False,"The document does not discuss any substantive connection to climate change, climate variability, or any climate-related factors that would qualify it for inclusion in the DESTINY repository.",,0.00,0.00,2026-08-18_14-01-06_
4730636120,336a0cf5-5760-408f-be0a-3179301757d9,The strategic surprise of Russian information operations on social media in 2016 in the United States: mapping a blind spot,5,include - best balance,True,,,,,False,False,"The content of the document does not contain any substantive climate-related components or qualifying health, mitigation, or adaptation components as defined in the criteria.",,0.00,0.00,2026-08-18_14-01-06_
4730636120,336a0cf5-5760-408f-be0a-3179301757d9,The strategic surprise of Russian information operations on social media in 2016 in the United States: mapping a blind spot,6,include - high recall,True,,,,,False,False,"The document does not address any relationships between climate-related factors and health outcomes, nor does it discuss mitigation or adaptation strategies, thus failing to meet the inclusion pathways.",,0.00,0.00,2026-08-18_14-01-06_
596984,350781d3-5778-4871-af69-cb4ac6b6cbaa,Thirty-two essential questions for understanding the social–ecological system of forage fish: the case of pacific herring,0,include - high precision,True,,,,,False,False,"The document does not mention any substantive connection to climate change, climate variability, or any climate-related factors that would qualify it for inclusion in the DESTINY repository. It focuses on the management of Pacific Herring and does not address health or climate-related issues.",,0.00,0.00,2026-08-18_14-01-06_
596984,350781d3-5778-4871-af69-cb4ac6b6cbaa,Thirty-two essential questions for understanding the social–ecological system of forage fish: the case of pacific herring,5,include - best balance,True,,,,,False,False,"The abstract does not provide any substantive climate-related component or connection to health, mitigation, or adaptation. It discusses ecological and management issues related to Pacific Herring without addressing climate change or health outcomes.",,0.00,0.00,2026-08-18_14-01-06_
596984,350781d3-5778-4871-af69-cb4ac6b6cbaa,Thirty-two essential questions for understanding the social–ecological system of forage fish: the case of pacific herring,6,include - high recall,True,,,,,False,False,"The content of the document does not indicate any relationship between climate factors and health outcomes, nor does it discuss any interventions related to climate mitigation or adaptation. It is focused on ecological management rather than climate-related research.",,0.00,0.00,2026-08-18_14-01-06_
68335678,37472b37-1ecf-4dee-ba11-15e3c9243818,"Cartographies of Everyday Conflicts in Public Spaces. Informal Micro-activities on Formal Infrastructure. Carapungo Entry Park, Quito",0,include - high precision,True,,,,,False,False,"The document does not mention any substantive connection to climate change, climate variability, or any climate-related factors that would qualify it for inclusion in the DESTINY repository. It focuses on cartography and informal activities in public spaces without addressing climate-related issues.",,0.00,0.00,2026-08-18_14-01-06_
68335678,37472b37-1ecf-4dee-ba11-15e3c9243818,"Cartographies of Everyday Conflicts in Public Spaces. Informal Micro-activities on Formal Infrastructure. Carapungo Entry Park, Quito",5,include - best balance,True,,,,,False,False,"The paper does not satisfy the inclusion criteria as it lacks a substantive climate-related component and does not address health, mitigation, or adaptation pathways. It primarily discusses spatial practices and cartography without any mention of climate change or health.",,0.00,0.00,2026-08-18_14-01-06_
68335678,37472b37-1ecf-4dee-ba11-15e3c9243818,"Cartographies of Everyday Conflicts in Public Spaces. Informal Micro-activities on Formal Infrastructure. Carapungo Entry Park, Quito",6,include - high recall,True,,,,,False,False,"The content of the document does not align with any of the inclusion pathways related to climate and health, mitigation, or adaptation. It does not provide evidence of a climate-related component or a health component.",,0.00,0.00,2026-08-18_14-01-06_
75313,37b7b6e8-f0f1-47ec-b313-b08af971ae5c,Does intellectual disability research consider the potential impact of geographic location?,0,include - high precision,True,,,,,False,False,"The context provided does not mention any climate-related components or health-related components that would qualify for inclusion in the DESTINY repository. The focus is on geographic location and intellectual disability, which does not align with the criteria for climate change or health.",,0.00,0.00,2026-08-18_14-01-06_
75313,37b7b6e8-f0f1-47ec-b313-b08af971ae5c,Does intellectual disability research consider the potential impact of geographic location?,5,include - best balance,True,,,,,False,False,"Similar to attribute 0, the context does not provide any substantive climate-related or health-related components that would warrant inclusion. The study is focused on geographic considerations in intellectual disability research, which does not meet the inclusion criteria.",,0.00,0.00,2026-08-18_14-01-06_
75313,37b7b6e8-f0f1-47ec-b313-b08af971ae5c,Does intellectual disability research consider the potential impact of geographic location?,6,include - high recall,True,,,,,False,False,"The context does not indicate any relationship between climate factors and health outcomes, nor does it discuss any interventions related to climate mitigation or adaptation. Therefore, it does not satisfy any of the inclusion pathways.",,0.00,0.00,2026-08-18_14-01-06_
3634593,384fac3b-6696-44be-bb47-87d9b66b3e6c,"Numerical investigation of heat and moisture migration in clayey and sandy soils, exploring seasonal fluctuations",0,include - high precision,True,,,,,False,True,"The document discusses geothermal energy, which is a sustainable energy source, indicating a substantive connection to climate relevance. This satisfies the criteria for inclusion.",Geothermal energy is widely known as a sustainable and eco-friendly energy source.,0.00,100.00,2026-08-18_14-01-06_
3634593,384fac3b-6696-44be-bb47-87d9b66b3e6c,"Numerical investigation of heat and moisture migration in clayey and sandy soils, exploring seasonal fluctuations",5,include - best balance,True,,,,,False,True,"The study evaluates the hydrothermal behavior of soils in relation to geothermal systems, which can be seen as a mitigation action intended to optimize energy use and reduce reliance on fossil fuels.",This research offers crucial insights into the optimization of both the design and implementation of geothermal systems.,0.00,100.00,2026-08-18_14-01-06_
3634593,384fac3b-6696-44be-bb47-87d9b66b3e6c,"Numerical investigation of heat and moisture migration in clayey and sandy soils, exploring seasonal fluctuations",6,include - high recall,True,,,,,False,True,"The research involves modeling and assessing the hydrothermal behavior of soils, which supports climate adaptation by providing insights into how to manage geothermal systems effectively in response to climate-related factors.",The analysis of the obtained results from the model simulation reveals that variations in soil types have an impact on the distribution of heat and moisture migration.,0.00,99.40,2026-08-18_14-01-06_
22339,3d63f91c-fdd7-45c1-be82-a5252d727499,Significance of dietary sulphur and sulphate reducing bacteria in lactating dairy cattle: A review,0,include - high precision,True,,,,,True,False,"The context discusses the role of sulphur in animal nutrition and its effects on methane emissions, but it does not substantively connect to climate change or health as required for inclusion in the DESTINY repository.",,0.00,0.00,2026-08-18_14-01-06_
22339,3d63f91c-fdd7-45c1-be82-a5252d727499,Significance of dietary sulphur and sulphate reducing bacteria in lactating dairy cattle: A review,5,include - best balance,True,,,,,True,True,"The study evaluates the impact of dietary sulphur on methane emissions from dairy cattle, which qualifies as a climate mitigation action since methane is a recognized climate-forcing agent.","The abstract discusses methane gas emissions in relation to an animal-nutrition intervention. Methane is a climate-forcing agent, and an intervention affecting methane emissions can constitute climate mitigation.",0.00,47.06,2026-08-18_14-01-06_
22339,3d63f91c-fdd7-45c1-be82-a5252d727499,Significance of dietary sulphur and sulphate reducing bacteria in lactating dairy cattle: A review,6,include - high recall,True,,,,,True,True,"The context indicates that the study of dietary sulphur in dairy cattle affects methane emissions, which is a climate-forcing agent, thus qualifying it under the climate mitigation pathway.",An animal nutrition study that evaluates methane emissions can qualify through the climate mitigation pathway even if it has no human-health outcome.,0.00,46.31,2026-08-18_14-01-06_
647745619,3f336261-58a2-4c57-9afd-152664094fa8,,0,include - high precision,True,,,,,False,False,The context does not mention any substantive connection to climate change or related factors. It focuses on the effects of melatonin on tumorigenesis without addressing climate-related components.,,0.00,0.00,2026-08-18_14-01-06_
647745619,3f336261-58a2-4c57-9afd-152664094fa8,,5,include - best balance,True,,,,,False,False,"The document does not contain any substantive climate-related component or a qualifying health, mitigation, or adaptation component. It discusses melatonin's effects on cancer without any connection to climate change or health systems.",,0.00,0.00,2026-08-18_14-01-06_
647745619,3f336261-58a2-4c57-9afd-152664094fa8,,6,include - high recall,True,,,,,False,False,"The context does not provide any evidence of a relationship between climate factors and health outcomes, mitigation, or adaptation strategies. It solely discusses melatonin's role in cancer without any climate-related implications.",,0.00,0.00,2026-08-18_14-01-06_
5417026,40429f32-c29d-4c77-8527-e95fca64a72b,Community Stakeholder Responses to Countering Violent Extremism Locally,0,include - high precision,True,,,,,False,False,"The context does not mention any substantive connection to climate change or health, nor does it discuss climate-related factors, mitigation, or adaptation actions. The focus is on countering violent extremism (CVE) governance networks, which is unrelated to the climate change and health intersection required for inclusion.",,0.00,0.00,2026-08-18_14-01-06_
5417026,40429f32-c29d-4c77-8527-e95fca64a72b,Community Stakeholder Responses to Countering Violent Extremism Locally,5,include - best balance,True,,,,,False,False,"The context does not provide any information that connects to climate change or health, nor does it discuss any interventions or actions related to climate mitigation or adaptation. The content is focused solely on CVE governance networks.",,0.00,0.00,2026-08-18_14-01-06_
5417026,40429f32-c29d-4c77-8527-e95fca64a72b,Community Stakeholder Responses to Countering Violent Extremism Locally,6,include - high recall,True,,,,,False,False,"The context does not satisfy any of the inclusion pathways related to climate change, health, mitigation, or adaptation. It discusses governance networks for CVE, which is not relevant to the criteria for inclusion in the DESTINY repository.",,0.00,0.00,2026-08-18_14-01-06_
30801,4a24b611-5471-46da-a4a8-4c2e272b8a46,A QGIS-Assisted Terrain Evaluation and Drainage Performance Assessment of the Shivajinagar Underpass,0,include - high precision,True,,,,,False,False,"The document discusses flooding at urban underpasses and the engineering interventions needed to address drainage issues. While it mentions climate-related factors such as flooding, it does not explicitly connect these to climate change or health outcomes, which are necessary for inclusion in the DESTINY repository.",,0.00,0.00,2026-08-18_14-01-06_
30801,4a24b611-5471-46da-a4a8-4c2e272b8a46,A QGIS-Assisted Terrain Evaluation and Drainage Performance Assessment of the Shivajinagar Underpass,5,include - best balance,True,,,,,False,False,"The study focuses on hydraulic design and drainage issues related to flooding in urban infrastructure. It does not provide a substantive connection to climate change or health, nor does it evaluate any actions or interventions intended to mitigate climate change or adapt to it.",,0.00,0.00,2026-08-18_14-01-06_
30801,4a24b611-5471-46da-a4a8-4c2e272b8a46,A QGIS-Assisted Terrain Evaluation and Drainage Performance Assessment of the Shivajinagar Underpass,6,include - high recall,True,,,,,False,False,"The document does not study a relationship between climate-related factors and health outcomes, nor does it evaluate any interventions aimed at reducing greenhouse gas emissions or adapting to climate-related hazards. Therefore, it does not meet the criteria for inclusion.",,0.00,0.00,2026-08-18_14-01-06_
79999452,4a429933-162c-47eb-ac8e-9a558ab09ff2,Unsupervised robust planar segmentation of terrestrial laser scanner point clouds based on fuzzy clustering methods,0,include - high precision,True,,,,,False,False,The abstract does not mention any substantive connection to climate change or health. It focuses on laser scanning and data processing without addressing climate-related factors or health outcomes.,,0.00,0.00,2026-08-18_14-01-06_
79999452,4a429933-162c-47eb-ac8e-9a558ab09ff2,Unsupervised robust planar segmentation of terrestrial laser scanner point clouds based on fuzzy clustering methods,5,include - best balance,True,,,,,False,False,"The abstract does not satisfy the inclusion criteria as it lacks any substantive climate-related component or a qualifying health, mitigation, or adaptation component.",,0.00,0.00,2026-08-18_14-01-06_
79999452,4a429933-162c-47eb-ac8e-9a558ab09ff2,Unsupervised robust planar segmentation of terrestrial laser scanner point clouds based on fuzzy clustering methods,6,include - high recall,True,,,,,False,False,"The abstract does not indicate any relationship between climate factors and health outcomes, nor does it discuss any interventions related to climate mitigation or adaptation.",,0.00,0.00,2026-08-18_14-01-06_
92690831,4cb68927-e26b-4425-9ade-4440b6e3f269,"Food Safety, Problems and Measures",0,include - high precision,True,,,,,False,False,"The context discusses food safety and its importance in the food industry but does not mention any climate-related factors or connections to health, mitigation, or adaptation. Therefore, it does not meet the criteria for inclusion.",,0.00,0.00,2026-08-18_14-01-06_
92690831,4cb68927-e26b-4425-9ade-4440b6e3f269,"Food Safety, Problems and Measures",5,include - best balance,True,,,,,False,False,"The context does not provide any substantive climate-related component or qualifying health, mitigation, or adaptation component. It solely focuses on food safety issues without any mention of climate change or health.",,0.00,0.00,2026-08-18_14-01-06_
92690831,4cb68927-e26b-4425-9ade-4440b6e3f269,"Food Safety, Problems and Measures",6,include - high recall,True,,,,,False,False,"The context does not satisfy any of the inclusion pathways related to climate and health, mitigation, or adaptation. It is focused on food safety without any relevant climate-related components.",,0.00,0.00,2026-08-18_14-01-06_
93858,4e7da8ca-0c90-4755-b2ec-a66c21d44711,Acute effects of air pollution on respiratory health of 50-70 yr old adults,0,include - high precision,True,,,,,True,True,"The study investigates the association between air pollution, which includes climate-forcing agents like PM10 and SO2, and respiratory health outcomes in adults. This satisfies the criteria for inclusion as it connects climate-related factors to health.","The study measures atmospheric pollutants, including relevant climate-forcing pollutants, and directly examines respiratory health.",0.00,52.81,2026-08-18_14-01-06_
93858,4e7da8ca-0c90-4755-b2ec-a66c21d44711,Acute effects of air pollution on respiratory health of 50-70 yr old adults,5,include - best balance,True,,,,,True,True,"The study examines the effects of air pollution on respiratory health, which includes climate-related components such as SO2 and PM10. This aligns with the inclusion criteria for both climate and health pathways.","The study measures atmospheric pollutants, including relevant climate-forcing pollutants, and directly examines respiratory health.",0.00,52.81,2026-08-18_14-01-06_
93858,4e7da8ca-0c90-4755-b2ec-a66c21d44711,Acute effects of air pollution on respiratory health of 50-70 yr old adults,6,include - high recall,True,,,,,True,True,"The research connects air pollution, which includes climate-forcing agents, to health outcomes, fulfilling the criteria for inclusion under the climate + health pathway.","The study measures atmospheric pollutants, including relevant climate-forcing pollutants, and directly examines respiratory health.",0.00,52.81,2026-08-18_14-01-06_
78958,51ab0487-34cb-43a9-9467-4d6200dcbb15,The ‘Small House’ Phenomenon and Its Impact on Zimbabwean Women’s Sexual Reproductive Health and Rights (SRHR),0,include - high precision,True,,,,,False,False,"The context provided does not mention any substantive connection to climate change, climate variability, or any climate-related factors. It focuses on women's sexual reproductive health and rights in Zimbabwe without addressing climate issues.",,0.00,0.00,2026-08-18_14-01-06_
78958,51ab0487-34cb-43a9-9467-4d6200dcbb15,The ‘Small House’ Phenomenon and Its Impact on Zimbabwean Women’s Sexual Reproductive Health and Rights (SRHR),5,include - best balance,True,,,,,False,False,"The document does not contain any substantive climate-related components or health, mitigation, or adaptation components. It discusses social issues related to women's rights without any reference to climate change or health impacts.",,0.00,0.00,2026-08-18_14-01-06_
78958,51ab0487-34cb-43a9-9467-4d6200dcbb15,The ‘Small House’ Phenomenon and Its Impact on Zimbabwean Women’s Sexual Reproductive Health and Rights (SRHR),6,include - high recall,True,,,,,False,False,The context does not provide any information related to climate components or health pathways. It focuses solely on the cultural and social implications of the 'small house' concept in Zimbabwe.,,0.00,0.00,2026-08-18_14-01-06_
802401,542f56a5-5f41-435c-b95e-b0516baee232,Temperature effects on plant gametophyte performance and their consequences for seed reproduction in wild plants,0,include - high precision,True,,,,,False,True,"The document discusses the impacts of climate change on plant reproduction, specifically mentioning heat waves and their effects on gametophytic performance, which establishes a substantive connection to climate change.","The main conclusion drawn is that climate change-induced heat waves can have significant and complex impacts on the reproductive processes, particularly pollen performance, of both wild and cultivated plants.",0.00,100.00,2026-08-18_14-01-06_
802401,542f56a5-5f41-435c-b95e-b0516baee232,Temperature effects on plant gametophyte performance and their consequences for seed reproduction in wild plants,5,include - best balance,True,,,,,False,True,"The research evaluates the impact of temperature stress on plant sexual reproduction, which qualifies as a climate adaptation component, as it addresses how plants respond to climate-related temperature changes.",The findings revealed positive correlations between PTLs and thermotolerance in vegetative tissues.,0.00,100.00,2026-08-18_14-01-06_
802401,542f56a5-5f41-435c-b95e-b0516baee232,Temperature effects on plant gametophyte performance and their consequences for seed reproduction in wild plants,6,include - high recall,True,,,,,False,True,"The document includes a methodological paper that compiles optimized in vitro pollen germination media, which supports future research and adaptation strategies in response to climate change effects on plant reproduction.",The compendium serves as a valuable data resource for PGM and facilitates future pollen research endeavors.,0.00,100.00,2026-08-18_14-01-06_
24113701,55d44eac-d09f-4ad4-a91a-887ebec38d7f,PENDAPAT PESERTA DIDIK SMKN 1 PACET TENTANG HASIL BELAJAR “MENGOPERASIKAN PERALATAN LAYANAN MAKAN DAN MINUM” SEBAGAI KESIAPAN PRAKTEK KERJA INDUSTRI DI RESTORAN HOTEL,0,include - high precision,True,,,,,False,False,"The context provided does not mention any substantive connection to climate change, climate variability, or any climate-related factors. The focus is on students' readiness for industry work in the hotel restaurant sector, which does not relate to climate change or health.",,0.00,0.00,2026-08-18_14-01-06_
24113701,55d44eac-d09f-4ad4-a91a-887ebec38d7f,PENDAPAT PESERTA DIDIK SMKN 1 PACET TENTANG HASIL BELAJAR “MENGOPERASIKAN PERALATAN LAYANAN MAKAN DAN MINUM” SEBAGAI KESIAPAN PRAKTEK KERJA INDUSTRI DI RESTORAN HOTEL,5,include - best balance,True,,,,,False,False,"The document does not contain any substantive climate-related components or qualifying health, mitigation, or adaptation components. It focuses solely on educational outcomes and student readiness in a specific vocational context.",,0.00,0.00,2026-08-18_14-01-06_
24113701,55d44eac-d09f-4ad4-a91a-887ebec38d7f,PENDAPAT PESERTA DIDIK SMKN 1 PACET TENTANG HASIL BELAJAR “MENGOPERASIKAN PERALATAN LAYANAN MAKAN DAN MINUM” SEBAGAI KESIAPAN PRAKTEK KERJA INDUSTRI DI RESTORAN HOTEL,6,include - high recall,True,,,,,False,False,"The context does not address any climate-related hazards or conditions in relation to adaptation, preparedness, resilience, or any other relevant pathways. The content is strictly about educational outcomes in a vocational setting.",,0.00,0.00,2026-08-18_14-01-06_
58922843,5637a062-b583-4c71-82b0-a59fc43430ef,A 63-year-old Woman With Rapidly Progressive Interstitial Lung Disease,0,include - high precision,True,,,,,False,False,"The context provided does not contain any substantive connection to climate change, climate variability, or any climate-related factors. It focuses on a medical case presentation without any mention of climate-related issues or interventions.",,0.00,0.00,2026-08-18_14-01-06_
58922843,5637a062-b583-4c71-82b0-a59fc43430ef,A 63-year-old Woman With Rapidly Progressive Interstitial Lung Disease,5,include - best balance,True,,,,,False,False,"The document does not address any substantive climate-related components or their connection to health, mitigation, or adaptation. It is solely focused on a medical case without any climate context.",,0.00,0.00,2026-08-18_14-01-06_
58922843,5637a062-b583-4c71-82b0-a59fc43430ef,A 63-year-old Woman With Rapidly Progressive Interstitial Lung Disease,6,include - high recall,True,,,,,False,False,"There is no mention of climate-related hazards or conditions in relation to adaptation, preparedness, resilience, or any other relevant climate adaptation pathways in the provided context.",,0.00,0.00,2026-08-18_14-01-06_
997047,59baba2a-54cc-4381-b80d-b37d1827c117,世界の人口戦略における公衆衛生的アプローチの有用性 公衆衛生活動を重視するフィリピン家族計画•母子保健プロジェクトの事例報告,0,include - high precision,True,,,,,False,False,"The document does not mention any substantive connection to climate change, climate variability, or any climate-related factors. It focuses on population growth and public health initiatives without addressing climate-related components.",,0.00,0.00,2026-08-18_14-01-06_
997047,59baba2a-54cc-4381-b80d-b37d1827c117,世界の人口戦略における公衆衛生的アプローチの有用性 公衆衛生活動を重視するフィリピン家族計画•母子保健プロジェクトの事例報告,5,include - best balance,True,,,,,False,False,"The document does not satisfy the inclusion criteria as it lacks a substantive climate-related component and does not address health, mitigation, or adaptation pathways in relation to climate change.",,0.00,0.00,2026-08-18_14-01-06_
997047,59baba2a-54cc-4381-b80d-b37d1827c117,世界の人口戦略における公衆衛生的アプローチの有用性 公衆衛生活動を重視するフィリピン家族計画•母子保健プロジェクトの事例報告,6,include - high recall,True,,,,,False,False,The document does not present any climate-related components or pathways that would qualify for inclusion. It primarily discusses public health initiatives without connecting them to climate change or adaptation.,,0.00,0.00,2026-08-18_14-01-06_
1516253,5b878959-0146-48fc-8a6c-120646353427,,0,include - high precision,True,,,,,False,True,"The study investigates the role of mangrove species in mitigating soil erosion, which is a climate-related factor, particularly under high rainfall conditions. This connection to climate variability satisfies the climate relevance criterion.",The mangrove plants were found to reduce soil erosion due to storm runoff during dry season.,0.00,98.91,2026-08-18_14-01-06_
1516253,5b878959-0146-48fc-8a6c-120646353427,,5,include - best balance,True,,,,,False,True,"The study highlights the protective role of mangrove forests against high precipitation, which relates to climate adaptation. This indicates that the research supports adaptation to climate-related hazards.","Based on the result obtained from this field study, it was observed that the mangrove forest plays an important role to provide growth and reproduction habitat for the local flora and protect the land from the effects of high precipitation.",0.00,100.00,2026-08-18_14-01-06_
1516253,5b878959-0146-48fc-8a6c-120646353427,,6,include - high recall,True,,,,,False,True,"The study includes a detailed examination of mangrove species, which can be linked to climate adaptation strategies by providing habitat and reducing vulnerability to climate impacts, thus qualifying under the adaptation pathway.",A total of 11 mangrove species were detected in the mangrove forest.,0.00,100.00,2026-08-18_14-01-06_
836386,60190894-0e01-484d-a867-f6e565870004,Biosurfactant production by Pantoea sp in submerged fermentation using pineapple peel as an alternative medium,0,include - high precision,True,,,,,False,False,"The document discusses the production of a biosurfactant by Pantoea sp and its properties, but it does not mention any substantive connection to climate change or health. There are no references to climate-related factors or health outcomes that would qualify it for inclusion.",,0.00,0.00,2026-08-18_14-01-06_
836386,60190894-0e01-484d-a867-f6e565870004,Biosurfactant production by Pantoea sp in submerged fermentation using pineapple peel as an alternative medium,5,include - best balance,True,,,,,False,False,"The abstract does not provide any substantive climate-related component or a qualifying health, mitigation, or adaptation component. It focuses solely on the biosurfactant's production and characteristics without linking to climate change or health.",,0.00,0.00,2026-08-18_14-01-06_
836386,60190894-0e01-484d-a867-f6e565870004,Biosurfactant production by Pantoea sp in submerged fermentation using pineapple peel as an alternative medium,6,include - high recall,True,,,,,False,False,The document does not study any relationship between climate-related factors and health outcomes. It primarily discusses microbial growth and biosurfactant production without addressing climate mitigation or adaptation.,,0.00,0.00,2026-08-18_14-01-06_
3186494320,69ee550a-da8e-4643-a51e-951ffa7db335,Increasing oil recovery by utilization of AICV: a 3D multiphase simulation study of a heavy oil reservoir with an underlying water aquifer,0,include - high precision,True,,,,,False,False,"The context does not provide any substantive connection to climate change or health. It focuses on oil recovery technology and its implications for production costs, without addressing climate-related factors or health outcomes.",,0.00,0.00,2026-08-18_14-01-06_
3186494320,69ee550a-da8e-4643-a51e-951ffa7db335,Increasing oil recovery by utilization of AICV: a 3D multiphase simulation study of a heavy oil reservoir with an underlying water aquifer,5,include - best balance,True,,,,,False,False,"The context does not satisfy the inclusion criteria as it lacks a substantive climate-related component or any qualifying health, mitigation, or adaptation component. It primarily discusses technology in oil recovery.",,0.00,0.00,2026-08-18_14-01-06_
3186494320,69ee550a-da8e-4643-a51e-951ffa7db335,Increasing oil recovery by utilization of AICV: a 3D multiphase simulation study of a heavy oil reservoir with an underlying water aquifer,6,include - high recall,True,,,,,False,False,"The context does not meet any of the inclusion pathways related to climate and health, mitigation, or adaptation. It is focused on oil recovery technology without any relevant climate or health implications.",,0.00,0.00,2026-08-18_14-01-06_
83008,6e00bc2d-9e90-419e-b6d1-c220ea977ccd,"Ableism, Human Rights, and the COVID-19 Pandemic: Healthcare-Related Barriers Experienced by Deaf People in Aotearoa New Zealand",0,include - high precision,True,,,,,False,False,"The context provided does not mention any substantive connection to climate change or related factors. It focuses on healthcare access experiences of Deaf individuals during the COVID-19 pandemic, which does not relate to climate change or health in the context required for inclusion.",,0.00,0.00,2026-08-18_14-01-06_
83008,6e00bc2d-9e90-419e-b6d1-c220ea977ccd,"Ableism, Human Rights, and the COVID-19 Pandemic: Healthcare-Related Barriers Experienced by Deaf People in Aotearoa New Zealand",5,include - best balance,True,,,,,False,False,"The document does not contain any substantive climate-related components or qualifying health, mitigation, or adaptation components. It discusses healthcare access issues without any connection to climate change or health systems in the context of climate.",,0.00,0.00,2026-08-18_14-01-06_
83008,6e00bc2d-9e90-419e-b6d1-c220ea977ccd,"Ableism, Human Rights, and the COVID-19 Pandemic: Healthcare-Related Barriers Experienced by Deaf People in Aotearoa New Zealand",6,include - high recall,True,,,,,False,False,"The context does not provide any evidence of a relationship between climate-related factors and health outcomes. It focuses solely on the experiences of Deaf individuals in accessing healthcare, which does not meet the criteria for inclusion.",,0.00,0.00,2026-08-18_14-01-06_
2080,6fb4e655-f3f1-4185-b959-c41cb01450bc,,0,include - high precision,True,,,,,False,False,"The study does not address any climate-related components or their impact on health, mitigation, or adaptation. It focuses solely on inflammatory biomarkers in classical orthostatic hypotension without any mention of climate factors.",,0.00,0.00,2026-08-18_14-01-06_
2080,6fb4e655-f3f1-4185-b959-c41cb01450bc,,5,include - best balance,True,,,,,False,False,"The study does not include any substantive climate-related components or connections to health, mitigation, or adaptation. It is focused on a medical condition and its biomarkers without any reference to climate issues.",,0.00,0.00,2026-08-18_14-01-06_
2080,6fb4e655-f3f1-4185-b959-c41cb01450bc,,6,include - high recall,True,,,,,False,False,"The research does not explore any climate-related hazards or conditions in relation to health, mitigation, or adaptation. It is strictly a medical study without any climate components.",,0.00,0.00,2026-08-18_14-01-06_
33511484,7205c549-cb66-44b0-aef1-b984a06b7df2,Impact of Tides and Surges on Fluvial Floods in Coastal Regions,0,include - high precision,True,,,,,True,True,"The context discusses the impact of fluvial floods in coastal areas, which are influenced by climate-related factors such as tides and storm surges. This establishes a substantive connection to climate change.",The study established a model framework by coupling a surge model with a global hydrodynamic model.,0.00,97.98,2026-08-18_14-01-06_
33511484,7205c549-cb66-44b0-aef1-b984a06b7df2,Impact of Tides and Surges on Fluvial Floods in Coastal Regions,5,include - best balance,True,,,,,True,True,"The study evaluates a model that addresses flood risks and integrates climate-related factors, which qualifies it under the adaptation pathway.",The model framework integrating various flow processes will help to prevent risks of compound events in coastal cities in practical and future projections under different scenarios.,0.00,100.00,2026-08-18_14-01-06_
33511484,7205c549-cb66-44b0-aef1-b984a06b7df2,Impact of Tides and Surges on Fluvial Floods in Coastal Regions,6,include - high recall,True,,,,,True,True,"The study involves modeling flood events influenced by climate-related factors, which connects it to climate adaptation and risk management.",The integration of dynamic seawater levels increases the stress of flooding along the Zhejiang coasts.,0.00,99.02,2026-08-18_14-01-06_
4255,74c351f0-fb9d-4b78-8f5a-7948bece62d2,"THERMAL STRESS TESTING OF SM-2 FUEL ELEMENTS. Final Report for January 1, 1959 to July 1, 1960",0,include - high precision,True,,,,,False,False,"The context provided does not mention any substantive connection to climate change, climate variability, or any climate-related factors. It focuses solely on thermal stability testing of fuel elements without any reference to climate-related issues or health impacts.",,0.00,0.00,2026-08-18_14-01-06_
4255,74c351f0-fb9d-4b78-8f5a-7948bece62d2,"THERMAL STRESS TESTING OF SM-2 FUEL ELEMENTS. Final Report for January 1, 1959 to July 1, 1960",5,include - best balance,True,,,,,False,False,"The document does not contain any information that connects to health, mitigation, or adaptation pathways. It discusses thermal deflections in fuel elements without any relevance to climate change or health outcomes.",,0.00,0.00,2026-08-18_14-01-06_
4255,74c351f0-fb9d-4b78-8f5a-7948bece62d2,"THERMAL STRESS TESTING OF SM-2 FUEL ELEMENTS. Final Report for January 1, 1959 to July 1, 1960",6,include - high recall,True,,,,,False,False,"The context does not provide any evidence of a relationship between climate factors and health, mitigation, or adaptation. It is focused on engineering aspects of fuel elements, lacking any qualifying climate-related components.",,0.00,0.00,2026-08-18_14-01-06_
4082571503,78983b90-4b65-4ae8-ae9e-52a69a22faf5,Sex Dimorphism in Serum Lecithin: Cholesterol Acyltransferase and Lipoprotein Lipase Activities in Adult Sickle Cell Anaemia Patients with Proteinuria,0,include - high precision,True,,,,,False,False,"The document discusses proteinuria in sickle cell anemia patients and does not mention any climate-related components or connections to climate change, health, mitigation, or adaptation.",,0.00,0.00,2026-08-18_14-01-06_
4082571503,78983b90-4b65-4ae8-ae9e-52a69a22faf5,Sex Dimorphism in Serum Lecithin: Cholesterol Acyltransferase and Lipoprotein Lipase Activities in Adult Sickle Cell Anaemia Patients with Proteinuria,5,include - best balance,True,,,,,False,False,The study focuses on biochemical markers in sickle cell anemia patients and does not address any climate-related components or health outcomes related to climate change.,,0.00,0.00,2026-08-18_14-01-06_
4082571503,78983b90-4b65-4ae8-ae9e-52a69a22faf5,Sex Dimorphism in Serum Lecithin: Cholesterol Acyltransferase and Lipoprotein Lipase Activities in Adult Sickle Cell Anaemia Patients with Proteinuria,6,include - high recall,True,,,,,False,False,"The content of the document does not include any references to climate-related factors, health, mitigation, or adaptation pathways, thus failing to meet the inclusion criteria.",,0.00,0.00,2026-08-18_14-01-06_
4982,7cc96b14-6f4e-42c5-beb5-f28e3ff42b64,,0,include - high precision,True,,,,,False,False,"The abstract discusses significant erosion on the New Jersey shelf but does not mention any climate-related factors, climate-forcing agents, or actions related to climate change or health. Therefore, it does not meet the criteria for inclusion.",,0.00,0.00,2026-08-18_14-01-06_
4982,7cc96b14-6f4e-42c5-beb5-f28e3ff42b64,,5,include - best balance,True,,,,,False,False,"The abstract does not provide any substantive climate-related component or a qualifying health, mitigation, or adaptation component. It focuses solely on geological and sedimentary processes without linking them to climate change or health.",,0.00,0.00,2026-08-18_14-01-06_
4982,7cc96b14-6f4e-42c5-beb5-f28e3ff42b64,,6,include - high recall,True,,,,,False,False,"The content of the abstract does not establish any connection to climate-related hazards, health outcomes, or adaptation strategies. It is primarily focused on geological observations and does not satisfy any of the inclusion pathways.",,0.00,0.00,2026-08-18_14-01-06_
38182,7e86ba10-8575-4d09-b3cc-739d14822b6f,,0,include - high precision,True,,,,,False,False,"The abstract does not mention any substantive connection to climate change, climate variability, or any climate-related factors. It focuses solely on a radiochemical procedure for enzyme activity without any reference to climate-related issues.",,0.00,0.00,2026-08-18_14-01-06_
38182,7e86ba10-8575-4d09-b3cc-739d14822b6f,,5,include - best balance,True,,,,,False,False,"The abstract does not provide any information that connects the study to health, climate mitigation, or adaptation. It is strictly about a laboratory procedure and does not address any health outcomes or climate-related actions.",,0.00,0.00,2026-08-18_14-01-06_
38182,7e86ba10-8575-4d09-b3cc-739d14822b6f,,6,include - high recall,True,,,,,False,False,"The content of the abstract does not indicate any relationship to climate or health components. It discusses a technical procedure without any mention of climate-related hazards, health impacts, or mitigation/adaptation strategies.",,0.00,0.00,2026-08-18_14-01-06_
5163486702,83d587f9-123a-46f4-bedb-3bf8f441cc41,"Viruses, Exploits, Malware and Security Issues on IoT Devices",0,include - high precision,True,,,,,False,False,The context does not mention any substantive connection to climate change or health. It focuses on IoT security and does not address climate-related factors or health outcomes.,,0.00,0.00,2026-08-18_14-01-06_
5163486702,83d587f9-123a-46f4-bedb-3bf8f441cc41,"Viruses, Exploits, Malware and Security Issues on IoT Devices",5,include - best balance,True,,,,,False,False,"The document does not provide any information that connects to climate change or health, nor does it discuss mitigation or adaptation strategies. It is primarily about IoT security.",,0.00,0.00,2026-08-18_14-01-06_
5163486702,83d587f9-123a-46f4-bedb-3bf8f441cc41,"Viruses, Exploits, Malware and Security Issues on IoT Devices",6,include - high recall,True,,,,,False,False,There is no mention of any climate-related components or health components in the context provided. The focus is solely on IoT devices and their security.,,0.00,0.00,2026-08-18_14-01-06_
3322946278,88bdbaac-a901-421f-9718-a5b63d7fc98a,Ion transport in hypertension: are changes in the cell membrane responsible?,0,include - high precision,True,,,,,False,False,"The context does not mention any substantive connection to climate change, climate variability, or any climate-related factors. It focuses on cell membrane ion transport processes and hypertension without addressing climate-related components.",,0.00,0.00,2026-08-18_14-01-06_
3322946278,88bdbaac-a901-421f-9718-a5b63d7fc98a,Ion transport in hypertension: are changes in the cell membrane responsible?,5,include - best balance,True,,,,,False,False,"The document does not contain any substantive climate-related components or qualifying health, mitigation, or adaptation components. It discusses physiological processes without any connection to climate change or health.",,0.00,0.00,2026-08-18_14-01-06_
3322946278,88bdbaac-a901-421f-9718-a5b63d7fc98a,Ion transport in hypertension: are changes in the cell membrane responsible?,6,include - high recall,True,,,,,False,False,"The context does not provide any evidence of a relationship between climate-related factors and health outcomes, nor does it discuss climate mitigation or adaptation. It is focused solely on biological processes.",,0.00,0.00,2026-08-18_14-01-06_
2881444016,9030242a-03a6-424f-9025-751812cbf88c,Harboring Sustainability: Assessing the Carbon Footprint of Maritime Fender Systems for Sustainable Ports,0,include - high precision,True,,,,,True,True,"The document discusses greenhouse gas emissions, specifically CO2, which is a climate-forcing agent, thus satisfying the climate relevance criterion. Additionally, it addresses actions taken by the maritime industry to improve transparency and reduce emissions, which aligns with climate mitigation efforts.",This paper outlines a series of critical advancements in the maritime industry’s efforts toward greater transparency in greenhouse gas emissions linked to fender manufacturing activities.,0.00,100.00,2026-08-18_14-01-06_
2881444016,9030242a-03a6-424f-9025-751812cbf88c,Harboring Sustainability: Assessing the Carbon Footprint of Maritime Fender Systems for Sustainable Ports,5,include - best balance,True,,,,,True,True,"The paper evaluates actions and interventions intended to reduce greenhouse gas emissions in the maritime industry, which qualifies it under the climate mitigation pathway. The emphasis on transparency and accountability in emissions reduction supports this classification.",The focus here is on enhancing supply chain oversight to deliver a level of transparency and accountability that is unprecedented.,0.00,100.00,2026-08-18_14-01-06_
2881444016,9030242a-03a6-424f-9025-751812cbf88c,Harboring Sustainability: Assessing the Carbon Footprint of Maritime Fender Systems for Sustainable Ports,6,include - high recall,True,,,,,True,True,"The document discusses the relationship between greenhouse gas emissions and manufacturing practices, which connects climate-related factors to potential health impacts through the lens of environmental accountability and mitigation strategies.",This paper outlines a series of critical advancements in the maritime industry’s efforts toward greater transparency in greenhouse gas emissions linked to fender manufacturing activities.,0.00,100.00,2026-08-18_14-01-06_
1677110707,906f7dba-7ab3-4e57-9d1d-acc6dc81793a,Pre-existing conditions and the COVID-19 pandemic : the factors driving female television journalists to leave the news industry,0,include - high precision,True,,,,,False,False,"The study focuses on the turnover and job satisfaction of female television journalists in relation to the COVID-19 pandemic, without any substantive connection to climate change or health as defined in the inclusion criteria.",,0.00,0.00,2026-08-18_14-01-06_
1677110707,906f7dba-7ab3-4e57-9d1d-acc6dc81793a,Pre-existing conditions and the COVID-19 pandemic : the factors driving female television journalists to leave the news industry,5,include - best balance,True,,,,,False,False,"The document does not contain any substantive climate-related components or qualifying health, mitigation, or adaptation components as required for inclusion.",,0.00,0.00,2026-08-18_14-01-06_
1677110707,906f7dba-7ab3-4e57-9d1d-acc6dc81793a,Pre-existing conditions and the COVID-19 pandemic : the factors driving female television journalists to leave the news industry,6,include - high recall,True,,,,,False,False,"The study does not address any climate-related hazards or conditions in relation to adaptation, preparedness, resilience, or any other qualifying pathways outlined for inclusion.",,0.00,0.00,2026-08-18_14-01-06_
9587,9394bc32-630d-4128-8dfc-04448776fd1f,"Climate and mortality in Australia: retrospective study, 1979-1990, and predicted impacts in five major cities in 2030",0,include - high precision,True,,,,,True,True,"The document discusses the relationship between climatic extremes and mortality, which indicates a substantive connection to climate change and its impacts on health.",We therefore aimed to quantify the relationship between climatic extremes and mortality in the 5 largest Australian cities during the period 1979-1990.,0.00,100.00,2026-08-18_14-01-06_
9587,9394bc32-630d-4128-8dfc-04448776fd1f,"Climate and mortality in Australia: retrospective study, 1979-1990, and predicted impacts in five major cities in 2030",5,include - best balance,True,,,,,True,True,"The study explicitly connects climate-related factors (climatic extremes) to health outcomes (mortality), satisfying the inclusion criteria for both climate and health components.",We conclude that the 5 largest Australian cities exhibit climate-attributable mortality in both summer and winter.,0.00,100.00,2026-08-18_14-01-06_
9587,9394bc32-630d-4128-8dfc-04448776fd1f,"Climate and mortality in Australia: retrospective study, 1979-1990, and predicted impacts in five major cities in 2030",6,include - high recall,True,,,,,True,True,"The document discusses the implications of climate change on public health, indicating that it addresses climate adaptation and the potential impacts on health systems.",The expected changes in mortality due to direct climatic effects in these major coastal Australian cities are minor.,0.00,99.57,2026-08-18_14-01-06_
19966,96cfedc7-a996-4889-b776-ed69ba02dcdf,Bestimmung von Kohlenstoff und Wasserstoff in organischen Verbindungen,0,include - high precision,True,,,,,False,False,"The study focuses on the oxidation activity of catalysts and does not address any climate-related factors, health outcomes, or mitigation/adaptation strategies. Therefore, it does not meet the criteria for inclusion.",,0.00,0.00,2026-08-18_14-01-06_
19966,96cfedc7-a996-4889-b776-ed69ba02dcdf,Bestimmung von Kohlenstoff und Wasserstoff in organischen Verbindungen,5,include - best balance,True,,,,,False,False,"The study does not contain any substantive climate-related components or qualifying health, mitigation, or adaptation components. It solely discusses the combustion of methane without linking it to climate change or health.",,0.00,0.00,2026-08-18_14-01-06_
19966,96cfedc7-a996-4889-b776-ed69ba02dcdf,Bestimmung von Kohlenstoff und Wasserstoff in organischen Verbindungen,6,include - high recall,True,,,,,False,False,"The study does not explore any relationship between climate factors and health outcomes, nor does it evaluate any interventions related to climate mitigation or adaptation. It is focused on catalytic activity rather than climate-related issues.",,0.00,0.00,2026-08-18_14-01-06_
3522,a7eda8a9-ef16-4830-8fde-a1971b7b3a6a,The Application of Automated Techniques in the Management and Control of Source Materials,0,include - high precision,True,,,,,False,False,The provided context does not mention any specific climate-related components or health-related components that would satisfy the inclusion criteria for the DESTINY repository. It primarily discusses the evolution and applications of technology without linking it to climate change or health.,,0.00,0.00,2026-08-18_14-01-06_
3522,a7eda8a9-ef16-4830-8fde-a1971b7b3a6a,The Application of Automated Techniques in the Management and Control of Source Materials,5,include - best balance,True,,,,,False,False,"The context does not provide any substantive climate-related components or qualifying health, mitigation, or adaptation components. It focuses on technological advancements rather than climate change or health issues.",,0.00,0.00,2026-08-18_14-01-06_
3522,a7eda8a9-ef16-4830-8fde-a1971b7b3a6a,The Application of Automated Techniques in the Management and Control of Source Materials,6,include - high recall,True,,,,,False,False,"The excerpt does not contain any references to climate-related hazards, health outcomes, or interventions that would qualify under the inclusion pathways. It lacks the necessary connections to climate change or health.",,0.00,0.00,2026-08-18_14-01-06_
521359478,ac766dc4-9743-45cf-82af-a1c1bdc35392,AN AYURVEDIC APPROACH IN THE MANAGEMENT OF URTICARIA(SHEETPITTA): A CASE STUDY,0,include - high precision,True,,,,,False,False,"The document does not discuss any climate-related components such as climate change, climate variability, or climate-related extreme events. It focuses solely on urticaria and its treatment through Ayurvedic methods without any mention of climate factors.",,0.00,0.00,2026-08-18_14-01-06_
521359478,ac766dc4-9743-45cf-82af-a1c1bdc35392,AN AYURVEDIC APPROACH IN THE MANAGEMENT OF URTICARIA(SHEETPITTA): A CASE STUDY,5,include - best balance,True,,,,,False,False,"The paper does not address any substantive climate-related components or their connection to health, mitigation, or adaptation. It is focused on a medical case study without any climate context.",,0.00,0.00,2026-08-18_14-01-06_
521359478,ac766dc4-9743-45cf-82af-a1c1bdc35392,AN AYURVEDIC APPROACH IN THE MANAGEMENT OF URTICARIA(SHEETPITTA): A CASE STUDY,6,include - high recall,True,,,,,False,False,"The record does not satisfy any of the inclusion pathways related to climate and health, mitigation, or adaptation. It is entirely focused on a case study of urticaria treatment without any climate-related discussion.",,0.00,0.00,2026-08-18_14-01-06_
7036,aca9a3eb-cb4e-41dd-9b8e-ece878f7294a,BIOREMEDIATION OF HYDROCARBON POLLUTANTS USING SEWAGE SLUGE AS BIOSTIMULATION AGENTS,0,include - high precision,True,,,,,False,True,"The context discusses the environmental pollution caused by crude oil, which is a climate-related factor, thus satisfying the climate relevance criterion.",The devastating effect of crude oil on both living and non living components of the environment is something that deserves serious attention.,0.00,100.00,2026-08-18_14-01-06_
7036,aca9a3eb-cb4e-41dd-9b8e-ece878f7294a,BIOREMEDIATION OF HYDROCARBON POLLUTANTS USING SEWAGE SLUGE AS BIOSTIMULATION AGENTS,5,include - best balance,True,,,,,False,True,"The study evaluates the use of sewage sludge in bacterial degradation of crude oil, which can be seen as a mitigation action aimed at reducing environmental pollution from fossil fuels.","The results obtained revealed that sewage sludge contained appreciable essential nutrients like Nitrogen, Phosphorus, Magnesium, Manganese and Zinc.",0.00,100.00,2026-08-18_14-01-06_
7036,aca9a3eb-cb4e-41dd-9b8e-ece878f7294a,BIOREMEDIATION OF HYDROCARBON POLLUTANTS USING SEWAGE SLUGE AS BIOSTIMULATION AGENTS,6,include - high recall,True,,,,,False,True,"The research involves studying the effects of sewage sludge and bacteria on crude oil degradation, which relates to climate adaptation by addressing environmental restoration efforts.",Crude oil degrading bacteria were isolated from soil and water samples obtained from a garden farm using selective enrichment technique.,0.00,100.00,2026-08-18_14-01-06_
712110,b7fe7d7d-00b7-411a-a269-5fb9542e9c94,Adhesion and anti-inflammatory potential of<i>Lactobacillus rhamnosus</i>GG in a sea buckthorn based beverage matrix,0,include - high precision,True,,,,,False,False,"The document does not discuss any substantive climate-related component such as climate change, climate variability, or climate-forcing agents. It focuses on the effects of a probiotic beverage on health but does not connect this to climate-related factors.",,0.00,0.00,2026-08-18_14-01-06_
712110,b7fe7d7d-00b7-411a-a269-5fb9542e9c94,Adhesion and anti-inflammatory potential of<i>Lactobacillus rhamnosus</i>GG in a sea buckthorn based beverage matrix,5,include - best balance,True,,,,,False,False,"The study does not include any substantive climate-related components or pathways related to health, mitigation, or adaptation. It primarily addresses the health effects of a probiotic beverage without any mention of climate-related issues.",,0.00,0.00,2026-08-18_14-01-06_
712110,b7fe7d7d-00b7-411a-a269-5fb9542e9c94,Adhesion and anti-inflammatory potential of<i>Lactobacillus rhamnosus</i>GG in a sea buckthorn based beverage matrix,6,include - high recall,True,,,,,False,False,"The document does not establish any connection between the study and climate mitigation, adaptation, or human health in relation to climate factors. It focuses solely on the health benefits of a probiotic beverage.",,0.00,0.00,2026-08-18_14-01-06_
9492,bcb62fae-400a-4e03-849b-e9654159a988,"LOADING AND STRUCTURAL RESPONSE OF DEVELOPED SHORELINES UNDER WAVES, SURGE, AND TSUNAMI OVERLAND FLOW HAZARDS",0,include - high precision,True,,,,,True,True,"The context discusses the impact of storms and tsunamis on coastal communities, which relates to climate-related extreme events. It also mentions the need for understanding hydrodynamics in relation to these events, indicating a substantive connection to climate change.",This study describes an extensive series of large-scale experiments to create a comprehensive dataset of detailed hydrodynamics and forces on an array of coastal structures.,0.00,99.42,2026-08-18_14-01-06_
9492,bcb62fae-400a-4e03-849b-e9654159a988,"LOADING AND STRUCTURAL RESPONSE OF DEVELOPED SHORELINES UNDER WAVES, SURGE, AND TSUNAMI OVERLAND FLOW HAZARDS",5,include - best balance,True,,,,,True,True,"The research generates data on coastal hazards and hydrodynamics, which can support adaptation planning and risk reduction, thus qualifying under the adaptation pathway.",The study does not need to implement an adaptation intervention or measure a health outcome.,0.00,47.83,2026-08-18_14-01-06_
9492,bcb62fae-400a-4e03-849b-e9654159a988,"LOADING AND STRUCTURAL RESPONSE OF DEVELOPED SHORELINES UNDER WAVES, SURGE, AND TSUNAMI OVERLAND FLOW HAZARDS",6,include - high recall,True,,,,,True,True,"The research is directly relevant to assessment of coastal hazards and supports adaptation planning, fulfilling the criteria for inclusion under the climate adaptation pathway.","The study generates experimental data on storm surge, wave, or tsunami impacts on coastal structures.",0.00,52.48,2026-08-18_14-01-06_
2929,bd59352e-90a0-47fc-ab8c-d59e2f4fa6e6,Analysing Mechanical Properties of Synthetic Material for Artificial Organ Manufacturing by Finite Element Analysis,0,include - high precision,True,,,,,False,False,"The context provided does not mention any substantive connection to climate change or health. It focuses on the Finite Element Method (FEM) and its applications in material analysis, which does not relate to climate or health topics.",,0.00,0.00,2026-08-18_14-01-06_
2929,bd59352e-90a0-47fc-ab8c-d59e2f4fa6e6,Analysing Mechanical Properties of Synthetic Material for Artificial Organ Manufacturing by Finite Element Analysis,5,include - best balance,True,,,,,False,False,"The context does not satisfy the inclusion criteria for climate-related components or health, mitigation, or adaptation pathways. It discusses FEM without any reference to climate change or health-related issues.",,0.00,0.00,2026-08-18_14-01-06_
2929,bd59352e-90a0-47fc-ab8c-d59e2f4fa6e6,Analysing Mechanical Properties of Synthetic Material for Artificial Organ Manufacturing by Finite Element Analysis,6,include - high recall,True,,,,,False,False,"The context does not indicate any relationship between climate factors and health outcomes, nor does it discuss mitigation or adaptation strategies. It solely focuses on FEM applications.",,0.00,0.00,2026-08-18_14-01-06_
3627,c79d3b29-7dff-4b50-a574-b3fbd580c269,"Critical Perspectives on Representation, Equity, and Rights Developing a Comparative Politics of Environmental Justice",0,include - high precision,True,,,,,False,True,"The abstract discusses the politics of environmental justice, which is closely related to climate change and environmental governance, indicating a substantive connection to climate-related issues.","This chapter explores these developments to chart and examine how a politics of environmental justice can inform environmental and social policies by treating environmental justice as a driver, rather than unintended consequence, of policy and politics.",0.00,100.00,2026-08-18_14-01-06_
3627,c79d3b29-7dff-4b50-a574-b3fbd580c269,"Critical Perspectives on Representation, Equity, and Rights Developing a Comparative Politics of Environmental Justice",5,include - best balance,True,,,,,False,True,"The content discusses how environmental justice can inform policies, which implies a connection to climate mitigation and adaptation strategies, thus satisfying the inclusion criteria.","This chapter explores these developments to chart and examine how a politics of environmental justice can inform environmental and social policies by treating environmental justice as a driver, rather than unintended consequence, of policy and politics.",0.00,100.00,2026-08-18_14-01-06_
3627,c79d3b29-7dff-4b50-a574-b3fbd580c269,"Critical Perspectives on Representation, Equity, and Rights Developing a Comparative Politics of Environmental Justice",6,include - high recall,True,,,,,False,True,"The abstract indicates that the chapter examines the relationship between environmental justice and policy, which can be linked to climate adaptation and resilience, fulfilling the inclusion criteria.","This chapter explores these developments to chart and examine how a politics of environmental justice can inform environmental and social policies by treating environmental justice as a driver, rather than unintended consequence, of policy and politics.",0.00,100.00,2026-08-18_14-01-06_
5996,ccb24fb6-538e-4ca7-975e-4633cfbe5547,Influence of spraying by suspended dry yeast bread and soaked licorice root and salsalic acid to resist fungus Sclerotinia sclerotiorum on eggplant,0,include - high precision,True,,,,,False,False,"The context does not mention any substantive connection to climate change, climate variability, or any climate-related factors. The study focuses on the effects of yeast and salicylic acid on a fungus affecting eggplant, which does not relate to climate change or health.",,0.00,0.00,2026-08-18_14-01-06_
5996,ccb24fb6-538e-4ca7-975e-4633cfbe5547,Influence of spraying by suspended dry yeast bread and soaked licorice root and salsalic acid to resist fungus Sclerotinia sclerotiorum on eggplant,5,include - best balance,True,,,,,False,False,"The study does not address any health outcomes, mitigation strategies, or adaptation actions related to climate change. It is primarily focused on agricultural practices and their effects on a specific fungus.",,0.00,0.00,2026-08-18_14-01-06_
5996,ccb24fb6-538e-4ca7-975e-4633cfbe5547,Influence of spraying by suspended dry yeast bread and soaked licorice root and salsalic acid to resist fungus Sclerotinia sclerotiorum on eggplant,6,include - high recall,True,,,,,False,False,"There is no indication that the study involves any climate-related components or pathways that would connect it to health, mitigation, or adaptation. The focus is solely on plant protection and fungal growth.",,0.00,0.00,2026-08-18_14-01-06_
83407,cd227c2e-3bba-44ba-9417-b8b9bff106bb,,0,include - high precision,True,,,,,False,False,"The document discusses the preparation and properties of nanocomposite membranes but does not mention any substantive connection to climate change, climate variability, or health-related issues. It focuses on material science rather than climate-related factors or health outcomes.",,0.00,0.00,2026-08-18_14-01-06_
83407,cd227c2e-3bba-44ba-9417-b8b9bff106bb,,5,include - best balance,True,,,,,False,False,"The study does not address any climate-related components or health, mitigation, or adaptation pathways. It is primarily focused on the properties of nanocomposite membranes without any reference to climate change or health implications.",,0.00,0.00,2026-08-18_14-01-06_
83407,cd227c2e-3bba-44ba-9417-b8b9bff106bb,,6,include - high recall,True,,,,,False,False,"The content of the document does not indicate any relationship between climate factors and health, mitigation, or adaptation. It is centered on the technical aspects of membrane materials, lacking any qualifying climate-related or health components.",,0.00,0.00,2026-08-18_14-01-06_
63408,db227fc0-c226-4718-beae-72f1653d6533,Cerebral Venous Sinus Thrombosis Following Nitrous Oxide Abuse: A Clinical Reminder of a Growing Trend,0,include - high precision,True,,,,,False,False,The context does not provide any substantive connection to climate change or climate-related factors. It focuses on a medical case involving cerebral venous sinus thrombosis and does not mention climate-related components.,,0.00,0.00,2026-08-18_14-01-06_
63408,db227fc0-c226-4718-beae-72f1653d6533,Cerebral Venous Sinus Thrombosis Following Nitrous Oxide Abuse: A Clinical Reminder of a Growing Trend,5,include - best balance,True,,,,,False,False,"The document does not satisfy the inclusion criteria as it lacks a substantive climate-related component and does not address health, mitigation, or adaptation in relation to climate change.",,0.00,0.00,2026-08-18_14-01-06_
63408,db227fc0-c226-4718-beae-72f1653d6533,Cerebral Venous Sinus Thrombosis Following Nitrous Oxide Abuse: A Clinical Reminder of a Growing Trend,6,include - high recall,True,,,,,False,False,"The context does not discuss any climate-related components or their relationship to health, mitigation, or adaptation, thus failing to meet the inclusion pathways.",,0.00,0.00,2026-08-18_14-01-06_
1447017,e28e4893-afee-4a9c-9bfb-1306085b86fd,Interactions between Polygenetic Variants and Lifestyle Factors in Hypothyroidism: A Hospital-Based Cohort Study,0,include - high precision,True,,,,,False,False,"The study focuses on hypothyroidism and its genetic and dietary associations, without any substantive connection to climate change or related factors. There are no mentions of climate-related components or health impacts directly linked to climate change in the context provided.",,0.00,0.00,2026-08-18_14-01-06_
1447017,e28e4893-afee-4a9c-9bfb-1306085b86fd,Interactions between Polygenetic Variants and Lifestyle Factors in Hypothyroidism: A Hospital-Based Cohort Study,5,include - best balance,True,,,,,False,False,"The context does not provide any substantive climate-related component or any qualifying health, mitigation, or adaptation component. The study is centered on hypothyroidism without addressing climate change or health in relation to climate factors.",,0.00,0.00,2026-08-18_14-01-06_
1447017,e28e4893-afee-4a9c-9bfb-1306085b86fd,Interactions between Polygenetic Variants and Lifestyle Factors in Hypothyroidism: A Hospital-Based Cohort Study,6,include - high recall,True,,,,,False,False,"The study does not explore any relationship between climate variables and health outcomes. It focuses solely on genetic and dietary factors related to hypothyroidism, lacking any climate-related components.",,0.00,0.00,2026-08-18_14-01-06_
582288464,e653d09a-b246-48fd-88b3-aec5823a4670,"&lt;title&gt;Advances in radio frequency tumor ablation therapy: technical considerations, strategies for increasing coagulation necrosis volume, and preliminary clinical results&lt;/title&gt;",0,include - high precision,True,,,,,False,False,The context provided does not mention any substantive connection to climate change or health. It focuses on radiofrequency tumor ablation and its technical aspects without addressing climate-related factors or health outcomes.,,0.00,0.00,2026-08-18_14-01-06_
582288464,e653d09a-b246-48fd-88b3-aec5823a4670,"&lt;title&gt;Advances in radio frequency tumor ablation therapy: technical considerations, strategies for increasing coagulation necrosis volume, and preliminary clinical results&lt;/title&gt;",5,include - best balance,True,,,,,False,False,"The document does not contain any substantive climate-related component or any qualifying health, mitigation, or adaptation component. It discusses a medical procedure without any reference to climate change or health impacts.",,0.00,0.00,2026-08-18_14-01-06_
582288464,e653d09a-b246-48fd-88b3-aec5823a4670,"&lt;title&gt;Advances in radio frequency tumor ablation therapy: technical considerations, strategies for increasing coagulation necrosis volume, and preliminary clinical results&lt;/title&gt;",6,include - high recall,True,,,,,False,False,"The content does not address any climate-related hazards or conditions in relation to adaptation, preparedness, resilience, or any other relevant pathways. It is strictly focused on a medical procedure.",,0.00,0.00,2026-08-18_14-01-06_
4686393638,e7b6c454-f386-4808-95cb-a36f5e001d67,Přepadení transportů peněz a cenností,0,include - high precision,True,,,,,False,False,"The provided context does not mention any substantive connection to climate change or health, nor does it discuss climate-related factors, mitigation, or adaptation actions. It focuses solely on the behavior of crew transport vehicles and psychological aspects, which are unrelated to the criteria for inclusion in the DESTINY repository.",,0.00,0.00,2026-08-18_14-01-06_
4686393638,e7b6c454-f386-4808-95cb-a36f5e001d67,Přepadení transportů peněz a cenností,5,include - best balance,True,,,,,False,False,"Similar to attribute 0, the context does not provide any information that would qualify it under the inclusion criteria for the DESTINY repository. There are no references to climate-related components or health, mitigation, or adaptation pathways.",,0.00,0.00,2026-08-18_14-01-06_
4686393638,e7b6c454-f386-4808-95cb-a36f5e001d67,Přepadení transportů peněz a cenností,6,include - high recall,True,,,,,False,False,"The context does not satisfy any of the inclusion pathways related to climate and health, mitigation, or adaptation. It does not discuss any climate-related components or their connections to health outcomes.",,0.00,0.00,2026-08-18_14-01-06_
177028685,edfc4ad6-84c7-4bae-b90f-14e8505be9e2,"Synthesis, reactivity and X-ray crystallographic characterization of chloro(propan-2-ol)bis(tetraisopropoxoaluminato)praseodymium(<scp>III</scp>) dimer, [{Pr[Al(OPr<sup>i</sup>)<sub>4</sub>]<sub>2</sub>(Pr<sup>i</sup>OH)(µ-Cl)}<sub>2</sub>]",0,include - high precision,True,,,,,False,False,"The context provided does not mention any substantive connection to climate change or health. It focuses on a chemical reaction and the resulting complex, which does not relate to climate-related factors or health outcomes.",,0.00,0.00,2026-08-18_14-01-06_
177028685,edfc4ad6-84c7-4bae-b90f-14e8505be9e2,"Synthesis, reactivity and X-ray crystallographic characterization of chloro(propan-2-ol)bis(tetraisopropoxoaluminato)praseodymium(<scp>III</scp>) dimer, [{Pr[Al(OPr<sup>i</sup>)<sub>4</sub>]<sub>2</sub>(Pr<sup>i</sup>OH)(µ-Cl)}<sub>2</sub>]",5,include - best balance,True,,,,,False,False,"The context does not provide any information that connects to climate change or health, nor does it discuss any mitigation or adaptation strategies. It is purely a chemical description without relevance to the specified criteria.",,0.00,0.00,2026-08-18_14-01-06_
177028685,edfc4ad6-84c7-4bae-b90f-14e8505be9e2,"Synthesis, reactivity and X-ray crystallographic characterization of chloro(propan-2-ol)bis(tetraisopropoxoaluminato)praseodymium(<scp>III</scp>) dimer, [{Pr[Al(OPr<sup>i</sup>)<sub>4</sub>]<sub>2</sub>(Pr<sup>i</sup>OH)(µ-Cl)}<sub>2</sub>]",6,include - high recall,True,,,,,False,False,"The document does not contain any information that relates to climate components, health components, or any pathways for inclusion. It strictly discusses a chemical reaction and its products.",,0.00,0.00,2026-08-18_14-01-06_
1378,f675f264-f9c6-4a02-bd50-987e99d316d6,Crowdsourced hotspot validation and data visualisation for location-based haze mitigation,0,include - high precision,True,,,,,True,True,"The context discusses the use of an Android application for reporting and validating fires in peatlands, which is a climate-related action aimed at mitigating haze caused by fires. This satisfies the climate relevance criteria.",The study showed the potential use of mobile apps for local communities to help the government validate hotspots for haze mitigation.,0.00,100.00,2026-08-18_14-01-06_
1378,f675f264-f9c6-4a02-bd50-987e99d316d6,Crowdsourced hotspot validation and data visualisation for location-based haze mitigation,5,include - best balance,True,,,,,True,True,"The research involves a ground-based spatial validation of satellite data to improve fire detection, which is a mitigation action related to climate change. Therefore, it qualifies for inclusion.",The study showed the potential use of mobile apps for local communities to help the government validate hotspots for haze mitigation.,0.00,100.00,2026-08-18_14-01-06_
1378,f675f264-f9c6-4a02-bd50-987e99d316d6,Crowdsourced hotspot validation and data visualisation for location-based haze mitigation,6,include - high recall,True,,,,,True,True,The application developed for reporting fires directly supports climate adaptation by providing a tool for local communities to respond to and manage fire risks associated with climate-related hazards.,The study showed the potential use of mobile apps for local communities to help the government validate hotspots for haze mitigation.,0.00,100.00,2026-08-18_14-01-06_
4047410,f7e04a22-33aa-4623-86e8-536ea6dfe6b3,The Importance of Weather and Climate to Energy Systems: A Workshop on Next Generation Challenges in Energy–Climate Modeling,0,include - high precision,True,,,,,False,False,The context does not provide any bibliographic record or information that can be classified as INCLUDE or EXCLUDE based on the criteria provided. It only describes a workshop on energy-climate modeling without any specific study or research outcomes.,,0.00,0.00,2026-08-18_14-01-06_
4047410,f7e04a22-33aa-4623-86e8-536ea6dfe6b3,The Importance of Weather and Climate to Energy Systems: A Workshop on Next Generation Challenges in Energy–Climate Modeling,5,include - best balance,True,,,,,False,False,"Similar to attribute 0, the context does not contain any bibliographic record or relevant information that can be classified as INCLUDE or EXCLUDE. It only discusses a workshop without any specific studies or findings.",,0.00,0.00,2026-08-18_14-01-06_
4047410,f7e04a22-33aa-4623-86e8-536ea6dfe6b3,The Importance of Weather and Climate to Energy Systems: A Workshop on Next Generation Challenges in Energy–Climate Modeling,6,include - high recall,True,,,,,False,False,"The context does not present any bibliographic record or relevant information that fits the inclusion pathways for climate and health, mitigation, or adaptation. It solely describes a workshop event.",,0.00,0.00,2026-08-18_14-01-06_
927648283,fe22b58d-5609-4ffa-9b1f-208f699a2fa5,"Environmental conditions before and after the bloom events Cayo-A, Cayo-B, and Cayo-C, from monthly water quality monitoring samples collected at BB1.",0,include - high precision,True,,,,,True,False,"The context provided does not indicate any substantive connection to climate change or health. It only mentions monitoring data related to temperature and salinity, which does not satisfy the criteria for inclusion in the DESTINY repository.",,0.00,0.00,2026-08-18_14-01-06_
927648283,fe22b58d-5609-4ffa-9b1f-208f699a2fa5,"Environmental conditions before and after the bloom events Cayo-A, Cayo-B, and Cayo-C, from monthly water quality monitoring samples collected at BB1.",5,include - best balance,True,,,,,True,False,"The context does not provide any information that connects to climate-related components or health, mitigation, or adaptation pathways. It solely discusses monitoring data without any relevant implications.",,0.00,0.00,2026-08-18_14-01-06_
927648283,fe22b58d-5609-4ffa-9b1f-208f699a2fa5,"Environmental conditions before and after the bloom events Cayo-A, Cayo-B, and Cayo-C, from monthly water quality monitoring samples collected at BB1.",6,include - high recall,True,,,,,True,False,"The context lacks any mention of climate-related hazards, health outcomes, or interventions that would qualify for inclusion. It only refers to monitoring data, which does not meet the inclusion criteria.",,0.00,0.00,2026-08-18_14-01-06_
7457330,ffb0ca7e-8cb5-4bb0-8d3b-2f3e2cc38439,Adiponectin and Alzheimer's disease: Is there a link?,0,include - high precision,True,,,,,False,False,"The document does not discuss any climate-related components or their connection to health, mitigation, or adaptation. It focuses solely on hydroxyl radicals and their effects on cellular components without any mention of climate change or health outcomes.",,0.00,0.00,2026-08-18_14-01-06_
7457330,ffb0ca7e-8cb5-4bb0-8d3b-2f3e2cc38439,Adiponectin and Alzheimer's disease: Is there a link?,5,include - best balance,True,,,,,False,False,"The content of the document does not include any substantive climate-related components or connections to health, mitigation, or adaptation. It is focused on biochemical interactions rather than climate-related issues.",,0.00,0.00,2026-08-18_14-01-06_
7457330,ffb0ca7e-8cb5-4bb0-8d3b-2f3e2cc38439,Adiponectin and Alzheimer's disease: Is there a link?,6,include - high recall,True,,,,,False,False,"The document does not present any evidence or discussion related to climate components or health outcomes. It is strictly about the biochemical effects of hydroxyl radicals, lacking any connection to climate change or health.",,0.00,0.00,2026-08-18_14-01-06_
