document_id,external_id,document_name,attribute_id,attribute_label,attribute_presence,human_additional_text,item_attribute_full_text_details,citation_page,citation_highlight_text,human_extraction,llm_extraction,llm_reasoning,llm_verbatim_text,human_verbatim_fuzzy_match_pct,llm_verbatim_fuzzy_match_pct,extraction_run_id
60023523,0033a9dc-c1f5-4f47-842c-089a2d11b676,The characterization of mechanical behaviour on kenaf fibre / polypropylene composites,5,include - best balance,True,,,,,False,False,"EXCLUDE. The study evaluates the mechanical properties and morphology of a kenaf-fibre/polypropylene composite. It does not substantively address climate change, climate variables, climate-forcing emissions, fossil-fuel reduction, human health, climate mitigation, or climate adaptation.","The objective of this study is to identify the effect of alkaline treatment on kenaf fibre in WPC system, to investigate the highest strength of kenaf fibre loading on mechanical properties in WPC, and to evaluate the morphology characteristics from fracture specimens related to the mechanical testing via scanning electron microscopy (SEM).",0.00,100.00,2026-08-31_14-48-24_sol_cche_pathways_adaptation_target_clarification
5471,010cea96-52e4-4819-8944-88d4b08345aa,Presence of pleural plaques and/or asbestosis and the risk of lung cancer in a Crocidolite asbestos exposed population from Western Australia,5,include - best balance,True,,,,,False,False,"EXCLUDE. The record addresses asbestos exposure and human health outcomes, but it contains no substantive climate-related component and does not study climate mitigation or adaptation.","Asbestos exposure is associated with dose-dependent risk of benign pleural disease, lung cancer and mesothelioma.",0.00,100.00,2026-08-31_14-48-24_sol_cche_pathways_adaptation_target_clarification
815689216,023f6c50-518e-4630-877f-026227409a4a,Improvement and application of UNet network for avoiding the effect of urban dense high-rise buildings and other feature shadows on water body extraction,5,include - best balance,True,,,,,False,False,"The study develops a remote-sensing image segmentation method for identifying water bodies and overcoming building-shadow interference. It does not substantively address climate change, weather or climate hazards, greenhouse-gas mitigation, human health, or climate adaptation.",Finding a means to extract water body information efficiently and accurately from high-resolution remote sensing images has been an important research direction in the field of water body extraction in recent years.,0.00,100.00,2026-08-31_14-48-24_sol_cche_pathways_adaptation_target_clarification
558553,04cbc527-875c-44bd-ad19-a57458f0eaaf,New shop owners in old buildings: spatial politics of the apparel industry in Kyrgyzstan,5,include - best balance,True,,,,,False,False,"EXCLUDE. The article concerns electricity access, privatized urban infrastructure, and apparel production, but it does not substantively address climate change, climate/weather hazards, fossil fuels, greenhouse-gas emissions, mitigation, adaptation, or human health.",the apparel manufacturing sector in Kyrgyzstan has thrived in a region known for significant challenges in electricity access and availability,0.00,100.00,2026-08-31_14-48-24_sol_cche_pathways_adaptation_target_clarification
6365261,05d82313-c646-4ba4-a73f-5e1afccb8c9c,RESEARCH OF CONSEQUENCES OF EMERGENCY SITUATIONS AT THE INDUSTRIAL PIPELINES,5,include - best balance,True,,,,,False,False,"EXCLUDE. The record examines gas-pipeline rupture, ignition, accident risks, and effects on people solely as industrial-safety hazards. It does not address fossil gas as a climate, energy, emissions, or air-quality matter and includes no qualifying climate mitigation or adaptation component.","Industrial gas pipelines are objects of high danger. In case of the gas pipeline failure, there is a shock wave, which is one of affecting factors.",0.00,100.00,2026-08-31_14-48-24_sol_cche_pathways_adaptation_target_clarification
51599178,0e3bc1fb-5fe4-4537-baff-90b1f9683015,"Ensuring science is useful, usable and used in global disaster risk reduction and sustainable development: a view through the Sendai framework lens",5,include - best balance,True,,,,,True,False,"EXCLUDE. The article focuses broadly on disaster risk reduction science and policy. Although it mentions the Climate Change Agreements and health, the abstract does not substantively address climate change, a climate-related hazard, climate mitigation, or climate adaptation; the climate reference is contextual.","It was the first UN landmark agreement of the year 2015, the other two being the Sustainable Development Goals (agreed September 2015) and the Climate Change Agreements (agreed December 2015).",0.00,100.00,2026-08-31_14-48-24_sol_cche_pathways_adaptation_target_clarification
35400,0ff90214-b5e5-48c8-af5f-112cb3076ba0,STEP-UP & SCALE-UP: Building dRTP Support and Training Networks,5,include - best balance,True,,,,,False,False,"EXCLUDE. The record concerns training, professional networks, skills, and career development for digital research technical professionals. It contains no substantive climate-related component and no qualifying health, climate mitigation, or climate adaptation component.",The shared purpose of STEP-UP and SCALE-UP is to build support and training networks for digital Research Technical Professionals (dRTPs),0.00,100.00,2026-08-31_14-48-24_sol_cche_pathways_adaptation_target_clarification
4658342,109d2025-cafe-43d1-9b24-e5dba4f68ea4,Dealing with the Unseen: Assessing and Addressing Implicit Attitudes to Enhance Professional Success in Geriatric Mental Healthcare,5,include - best balance,True,,,,,False,False,"EXCLUDE. The record concerns implicit bias, diversity, and inequities in healthcare, but it contains no substantive climate-related component and does not address climate mitigation or adaptation.","This workshop will address why fairness, inclusiveness and cultural competence are important for success in geriatric mental health care.",0.00,100.00,2026-08-31_14-48-24_sol_cche_pathways_adaptation_target_clarification
34172,147dd49c-acb3-481c-b17d-98cb19eda4e8,,5,include - best balance,True,,,,,False,False,"EXCLUDE. The record concerns a fuzzy-logic system for evaluating airline catering customer satisfaction. It contains no substantive climate-related component and does not address climate-linked health, mitigation, or adaptation.","In this study, the catering service evaluation system for customers is designed and an interface is developed to be used in the aviation 4.0 industry.",0.00,100.00,2026-08-31_14-48-24_sol_cche_pathways_adaptation_target_clarification
7338834,1d1526ba-04b9-4b07-9e2f-bb420a444f73,Phenanthraquinone inhibits eNOS activity and suppresses vasorelaxation,5,include - best balance,True,,,,,False,False,"EXCLUDE. The study examines the toxicological effects of a single diesel-exhaust chemical on nitric oxide synthase, vascular relaxation, and blood pressure. It does not substantively study fossil-fuel use, climate change, a climate-forcing agent, mitigation, or adaptation; merely identifying the chemical as a component of diesel exhaust does not satisfy the climate-related criterion.","phenanthraquinone, an environmental chemical contained in diesel exhaust particles",0.00,100.00,2026-08-31_14-48-24_sol_cche_pathways_adaptation_target_clarification
212484,202d1bc8-c1d3-4919-b40e-d7560ac9d3ff,Multi Layer Feature Fusion of Radar and Vision for Obstacle Detection in Complex Scenes,5,include - best balance,True,,,,,False,True,"INCLUDE. Rain and snow are substantive weather conditions under which the obstacle-detection system is evaluated. The system is designed to improve autonomous-driving safety and robustness under those conditions, directly supporting human risk reduction and preparedness for weather-related driving hazards.",The experimental results show that the obstacle detection performance of this method is significantly better than existing technologies in harsh weather conditions (such as rainy and snowy days),0.00,100.00,2026-08-31_14-48-24_sol_cche_pathways_adaptation_target_clarification
1680444,24cd711b-5b02-4f55-a8f6-9fde10f61a47,THE FREQUENCY OF USE OF VARIOUS DRUGS IN TREATING THE DISEASES OF THE CARDIOVASCULAR SYSTEM IN PATIENTS OF THE THERAPY DEPARTMENT,5,include - best balance,True,,,,,False,False,"EXCLUDE. The record concerns economic sanctions, import substitution, trade, and agricultural development. It contains no substantive climate-related component and does not study a qualifying climate-health, mitigation, or adaptation pathway.",The article studies the world experience of countering economic sanctions in the agrarian sector of the economy.,0.00,100.00,2026-08-31_14-48-24_sol_cche_pathways_adaptation_target_clarification
55028098,27c06597-b89d-4e17-9c57-4ef83517cc85,Postoperative AKI After Open-Heart Surgery: What Else Can We Do?,5,include - best balance,True,,,,,False,False,"EXCLUDE. The record concerns nitric oxide administered as a clinical intervention during cardiac surgery and its effects on acute kidney injury. It does not substantively address climate change, weather, fossil fuels, greenhouse-gas emissions, mitigation, or climate adaptation. Nitric oxide is studied therapeutically, not as a climate, emissions, energy, or air-quality matter.","To determine the effect of NO gas on renal function and other clinical outcomes in patients requiring cardiopulmonary bypass (CPB), we performed a systematic meta-analysis and trial sequential analysis.",0.00,100.00,2026-08-31_14-48-24_sol_cche_pathways_adaptation_target_clarification
6994644,2f395670-3519-4993-9fe3-d62efbf02f7d,Itchy and scratchy? An investigation of human cercarial dermatitis in the UK,5,include - best balance,True,,,,,False,False,"EXCLUDE. The record substantively addresses human cercarial dermatitis, but it does not study climate change, climate variability, weather variables, or a climate-related hazard. The reference to a seasonal period is descriptive and does not establish a qualifying climate component.","they reported symptoms from April to November, beyond the usual seasonal period of cercarial emergence.",0.00,100.00,2026-08-31_14-48-24_sol_cche_pathways_adaptation_target_clarification
4730636120,336a0cf5-5760-408f-be0a-3179301757d9,The strategic surprise of Russian information operations on social media in 2016 in the United States: mapping a blind spot,5,include - best balance,True,,,,,False,False,"The record concerns Russian information operations, cybersecurity, and social media manipulation. It contains no substantive climate-related component and no qualifying climate-health, mitigation, or adaptation pathway.",this article focuses specifically on the covert use of social media accounts and online properties impersonating Americans for the purpose of manipulation.,0.00,100.00,2026-08-31_14-48-24_sol_cche_pathways_adaptation_target_clarification
596984,350781d3-5778-4871-af69-cb4ac6b6cbaa,Thirty-two essential questions for understanding the social–ecological system of forage fish: the case of pacific herring,5,include - best balance,True,,,,,False,False,"The record concerns collaborative priority-setting and sustainable management of Pacific Herring, but it does not substantively address climate change, climate variables, climate hazards, greenhouse-gas mitigation, or climate adaptation. Therefore, it does not meet the required climate-related criterion.","We then identified a set of questions, that, if answered, would significantly increase our ability to sustainably manage the Herring .",0.00,100.00,2026-08-31_14-48-24_sol_cche_pathways_adaptation_target_clarification
68335678,37472b37-1ecf-4dee-ba11-15e3c9243818,"Cartographies of Everyday Conflicts in Public Spaces. Informal Micro-activities on Formal Infrastructure. Carapungo Entry Park, Quito",5,include - best balance,True,,,,,False,False,"EXCLUDE. The study examines informal activities, spatial practices, and cartographic representation in a public park. It contains no substantive climate-related component and no qualifying health, climate mitigation, or climate adaptation component.",this paper researches the existing and usually invisible relationships between informal micro-activities and formal public spaces,0.00,100.00,2026-08-31_14-48-24_sol_cche_pathways_adaptation_target_clarification
75313,37b7b6e8-f0f1-47ec-b313-b08af971ae5c,Does intellectual disability research consider the potential impact of geographic location?,5,include - best balance,True,,,,,False,False,"The record addresses rural geographic disadvantage, intellectual disability, and access to services, but contains no substantive climate-related component involving climate change, weather, climate hazards, fossil fuels, greenhouse gases, or climate mitigation/adaptation. Therefore, it does not meet the inclusion criteria.",Little attention has been paid to geographic location in the sampled intellectual disability literature.,0.00,100.00,2026-08-31_14-48-24_sol_cche_pathways_adaptation_target_clarification
3634593,384fac3b-6696-44be-bb47-87d9b66b3e6c,"Numerical investigation of heat and moisture migration in clayey and sandy soils, exploring seasonal fluctuations",5,include - best balance,True,,,,,False,False,"EXCLUDE. The study models meteorological effects on soil hydrothermal behavior, so it has a substantive weather-related component. However, it is enabling soil-physics research intended to inform geothermal-system design, not an evaluation of an action that reduces emissions or fossil-fuel use. It also addresses neither human health nor adaptation aimed at reducing climate-related risks to people, health systems, or human-important ecosystems.",This research offers crucial insights into the optimization of both the design and implementation of geothermal systems.,0.00,100.00,2026-08-31_14-48-24_sol_cche_pathways_adaptation_target_clarification
22339,3d63f91c-fdd7-45c1-be82-a5252d727499,Significance of dietary sulphur and sulphate reducing bacteria in lactating dairy cattle: A review,5,include - best balance,True,,,,,True,True,"INCLUDE. The record discusses dietary sulphur as an animal-nutrition intervention affecting methane emissions. Methane is a climate-forcing agent, and evaluating an intervention that changes its emissions qualifies through the climate-mitigation pathway.","Controlled amount of sulphur in dairy cattle can improve their performance in context of milk, digestion with the help of sulphate reducing bacteria, methane gas emission",0.00,100.00,2026-08-31_14-48-24_sol_cche_pathways_adaptation_target_clarification
647745619,3f336261-58a2-4c57-9afd-152664094fa8,,5,include - best balance,True,,,,,False,False,"EXCLUDE. The record addresses melatonin, artificial light at night, and cancer, but it contains no substantive climate-related factor, climate-forcing agent, mitigation action, or climate-adaptation component.","It has been postulated that in industrialized societies, light at night, by suppressing melatonin production, poses a new risk for the development of breast cancer and, perhaps, other cancers as well.",0.00,100.00,2026-08-31_14-48-24_sol_cche_pathways_adaptation_target_clarification
5417026,40429f32-c29d-4c77-8527-e95fca64a72b,Community Stakeholder Responses to Countering Violent Extremism Locally,5,include - best balance,True,,,,,False,False,"The record concerns local governance networks for countering violent extremism. It contains no substantive climate-related component and no climate-linked health, mitigation, or adaptation pathway, so it should be excluded.","The article uses a matching technique to identify and compare the community stakeholder responses to CVE in two communities—Houston, TX and Columbus, OH.",0.00,100.00,2026-08-31_14-48-24_sol_cche_pathways_adaptation_target_clarification
30801,4a24b611-5471-46da-a4a8-4c2e272b8a46,A QGIS-Assisted Terrain Evaluation and Drainage Performance Assessment of the Shivajinagar Underpass,5,include - best balance,True,,,,,False,False,"EXCLUDE. The record substantively studies monsoon flooding, but it is framed as a routine urban drainage and infrastructure problem. It does not connect the analysis or proposed engineering measures to climate change, climate-risk adaptation, human health, health systems, or a recognized climate-health exposure pathway; the stated impacts are mobility disruption and pavement deterioration.",The Shivajinagar Underpass in Chhatrapati Sambhajinagar experiences repeated monsoon flooding that disrupts mobility and deteriorates pavement conditions.,0.00,100.00,2026-08-31_14-48-24_sol_cche_pathways_adaptation_target_clarification
79999452,4a429933-162c-47eb-ac8e-9a558ab09ff2,Unsupervised robust planar segmentation of terrestrial laser scanner point clouds based on fuzzy clustering methods,5,include - best balance,True,,,,,False,False,"The record concerns fuzzy clustering and segmentation of terrestrial laser-scanner point clouds. It contains no substantive climate-related component and no qualifying health, mitigation, or adaptation pathway.",This paper presents an unsupervised robust clustering approach based on fuzzy methods.,0.00,100.00,2026-08-31_14-48-24_sol_cche_pathways_adaptation_target_clarification
92690831,4cb68927-e26b-4425-9ade-4440b6e3f269,"Food Safety, Problems and Measures",5,include - best balance,True,,,,,False,False,"EXCLUDE. The record discusses food safety and proposed measures but contains no substantive climate-related component, such as climate change, weather variables, climate hazards, fossil fuels, or greenhouse-gas emissions.","The food safety plays a more and more important role in the development of the food industry. The present problems are discussed, some measures are proposed.",0.00,100.00,2026-08-31_14-48-24_sol_cche_pathways_adaptation_target_clarification
93858,4e7da8ca-0c90-4755-b2ec-a66c21d44711,Acute effects of air pollution on respiratory health of 50-70 yr old adults,5,include - best balance,True,,,,,True,True,"INCLUDE. The study substantively measures black smoke, which includes climate-forcing black carbon, and directly evaluates its association with human respiratory health outcomes, including peak expiratory flow decrements and upper respiratory symptoms. This satisfies the climate-related agent plus health pathway.","Daily measurements of particles with a 50% cut-off aerodynamic diameter of 10 microm (PM10), black smoke (BS), sulphate, sulphur dioxide (SO2) and nitrogen dioxide (NO2) were conducted.",0.00,100.00,2026-08-31_14-48-24_sol_cche_pathways_adaptation_target_clarification
78958,51ab0487-34cb-43a9-9467-4d6200dcbb15,The ‘Small House’ Phenomenon and Its Impact on Zimbabwean Women’s Sexual Reproductive Health and Rights (SRHR),5,include - best balance,True,,,,,False,False,"EXCLUDE. The chapter addresses women’s sexual and reproductive health and rights, gender equality, and family structures, but contains no substantive climate-related component and no climate mitigation or adaptation pathway.","This chapter examines the ‘small house’ concept in Zimbabwe, which entails issues to do with extra-marital affairs, cohabitation and polygamy.",0.00,100.00,2026-08-31_14-48-24_sol_cche_pathways_adaptation_target_clarification
802401,542f56a5-5f41-435c-b95e-b0516baee232,Temperature effects on plant gametophyte performance and their consequences for seed reproduction in wild plants,5,include - best balance,True,,,,,False,False,"The thesis substantively studies climate-change-induced heat stress and plant reproductive biology. However, it does not address human health, climate mitigation, or adaptation intended to protect human health, health systems, food security, or another human-important ecosystem. Its discussion of adaptation and acclimation concerns biological responses of plants, which does not independently qualify as societal climate-adaptation research under the criteria.","Overall, the lack of adaptation and acclimation mechanisms in gametophytic traits suggests potential reliance on alternative strategies like shifting flowering time and phenotypic plasticity to cope with climate change-induced heat waves.",0.00,100.00,2026-08-31_14-48-24_sol_cche_pathways_adaptation_target_clarification
24113701,55d44eac-d09f-4ad4-a91a-887ebec38d7f,PENDAPAT PESERTA DIDIK SMKN 1 PACET TENTANG HASIL BELAJAR “MENGOPERASIKAN PERALATAN LAYANAN MAKAN DAN MINUM” SEBAGAI KESIAPAN PRAKTEK KERJA INDUSTRI DI RESTORAN HOTEL,5,include - best balance,True,,,,,False,False,"EXCLUDE. The study concerns students’ readiness for hotel restaurant industry work and contains no substantive climate-related component or qualifying climate-health, mitigation, or adaptation pathway.","The study aims to obtain data on The Opinion Of SMKN 1 Pacet Students On Learning Outcome “Operate Food And Beverage Service Equipment” As Readiness Of Industry Working Practice At The Hotel Restaurant in relates to the physical, mental, emotional, motivation and knowledge condition.",0.00,100.00,2026-08-31_14-48-24_sol_cche_pathways_adaptation_target_clarification
58922843,5637a062-b583-4c71-82b0-a59fc43430ef,A 63-year-old Woman With Rapidly Progressive Interstitial Lung Disease,5,include - best balance,True,,,,,False,False,"EXCLUDE. The record is a clinical case about dermatomyositis-associated rapidly progressive interstitial lung disease. Although it has a substantive human-health component, it does not address climate change, weather or climate hazards, fossil fuels, climate-forcing agents, mitigation, or adaptation.",Diagnosis: Rapidly progressive interstitial lung disease due to melanoma differentiation-associated gene 5 dermatomyositis,0.00,100.00,2026-08-31_14-48-24_sol_cche_pathways_adaptation_target_clarification
997047,59baba2a-54cc-4381-b80d-b37d1827c117,世界の人口戦略における公衆衛生的アプローチの有用性 公衆衛生活動を重視するフィリピン家族計画•母子保健プロジェクトの事例報告,5,include - best balance,True,,,,,False,False,"The record addresses population growth and public health programs but contains no substantive climate-related factor, hazard, climate-forcing agent, fossil-fuel issue, mitigation action, or climate-adaptation component. It therefore does not meet the required climate criterion.","JICA has supported a diverse range of public health activities, such as the establishment of a comprehensive maternal and child health care system, advocacy of reproductive health, performance of adolescence health education and assistance for participatory community action.",0.00,100.00,2026-08-31_14-48-24_sol_cche_pathways_adaptation_target_clarification
1516253,5b878959-0146-48fc-8a6c-120646353427,,5,include - best balance,True,,,,,False,False,"EXCLUDE. The study substantively addresses rainfall and storm runoff, but it only describes mangroves’ soil-erosion and ecological protective functions. It does not connect these functions to human health, a human-important ecosystem, climate adaptation or resilience planning, or greenhouse-gas mitigation.",the mangrove forest plays an important role to provide growth and reproduction habitat for the local flora and protect the land from the effects of high precipitation.,0.00,100.00,2026-08-31_14-48-24_sol_cche_pathways_adaptation_target_clarification
836386,60190894-0e01-484d-a867-f6e565870004,Biosurfactant production by Pantoea sp in submerged fermentation using pineapple peel as an alternative medium,5,include - best balance,True,,,,,False,False,"EXCLUDE. Although petroleum fuels are tested as emulsion substrates, the study does not address them as a climate, energy, emissions, or air-quality matter. It also evaluates no human-health outcome, climate-mitigation action, or climate-adaptation purpose; the Artemia salina toxicity test is not a qualifying human-health component.","The tensio-active produced stable emulsions with petroleum, motor oil, diesel, gasoline, kerosene, soybean, corn, and sunflower oils.",0.00,100.00,2026-08-31_14-48-24_sol_cche_pathways_adaptation_target_clarification
3186494320,69ee550a-da8e-4643-a51e-951ffa7db335,Increasing oil recovery by utilization of AICV: a 3D multiphase simulation study of a heavy oil reservoir with an underlying water aquifer,5,include - best balance,True,,,,,False,False,"The record substantively concerns fossil-fuel extraction and increased oil recovery, but it does not address human health, climate adaptation, or a mitigation action intended to reduce fossil-fuel use or climate-forcing emissions. Therefore, it does not meet the inclusion criteria.",Oil companies are focusing on the development of new technology to improve the recovery of oil in horizontal wells.,0.00,100.00,2026-08-31_14-48-24_sol_cche_pathways_adaptation_target_clarification
83008,6e00bc2d-9e90-419e-b6d1-c220ea977ccd,"Ableism, Human Rights, and the COVID-19 Pandemic: Healthcare-Related Barriers Experienced by Deaf People in Aotearoa New Zealand",5,include - best balance,True,,,,,False,False,"EXCLUDE. The study addresses healthcare access during the COVID-19 pandemic but contains no substantive climate-related factor, climate hazard, climate mitigation action, or climate adaptation component.",This study documents and critically analyses Deaf people's healthcare access experiences in Aotearoa New Zealand during the COVID-19 pandemic.,0.00,100.00,2026-08-31_14-48-24_sol_cche_pathways_adaptation_target_clarification
2080,6fb4e655-f3f1-4185-b959-c41cb01450bc,,5,include - best balance,True,,,,,False,False,"EXCLUDE. The record concerns inflammatory biomarkers in patients with orthostatic hypotension but contains no substantive climate-related factor, climate-forcing agent, mitigation action, or climate-adaptation component.",Objective: To investigate the inflammatory biomarker signature associated with classical orthostatic hypotension (OH).,0.00,100.00,2026-08-31_14-48-24_sol_cche_pathways_adaptation_target_clarification
33511484,7205c549-cb66-44b0-aef1-b984a06b7df2,Impact of Tides and Surges on Fluvial Floods in Coastal Regions,5,include - best balance,True,,,,,True,True,"INCLUDE. The study substantively models climate-related hazards—river flooding, tides, and storm surges—and explicitly frames the model as supporting risk prevention in coastal cities and future projections. This satisfies the climate-related and adaptation/risk-management criteria.",The model framework integrating various flow processes will help to prevent risks of compound events in coastal cities in practical and future projections under different scenarios.,0.00,100.00,2026-08-31_14-48-24_sol_cche_pathways_adaptation_target_clarification
4255,74c351f0-fb9d-4b78-8f5a-7948bece62d2,"THERMAL STRESS TESTING OF SM-2 FUEL ELEMENTS. Final Report for January 1, 1959 to July 1, 1960",5,include - best balance,True,,,,,False,False,"EXCLUDE. The temperature differences are operational conditions in a nuclear fuel-element engineering test, not climate or weather variables. The record also has no qualifying human-health, climate-mitigation, or climate-adaptation component.","To determine the thermal stability of SM-2-welded plate type fuel elements, test specimens were subjected to temperature differences across plate width.",0.00,100.00,2026-08-31_14-48-24_sol_cche_pathways_adaptation_target_clarification
4082571503,78983b90-4b65-4ae8-ae9e-52a69a22faf5,Sex Dimorphism in Serum Lecithin: Cholesterol Acyltransferase and Lipoprotein Lipase Activities in Adult Sickle Cell Anaemia Patients with Proteinuria,5,include - best balance,True,,,,,False,False,"EXCLUDE. The record concerns sex differences in renal proteinuria, lipoproteins, and lipolytic enzymes among patients with sickle cell anaemia. Although it has a human-health component, it contains no substantive climate-related component and does not address climate mitigation or adaptation.",Proteinuria in subjects with sickle cell anaemia (SCA) is an indication of an ongoing renal insufficiency and it's prevalence varies between sexes.,0.00,100.00,2026-08-31_14-48-24_sol_cche_pathways_adaptation_target_clarification
4982,7cc96b14-6f4e-42c5-beb5-f28e3ff42b64,,5,include - best balance,True,,,,,False,False,"EXCLUDE. The record studies geological seafloor erosion and sediment transport on the New Jersey shelf. It does not substantively address climate change or variability, human health, climate mitigation, or adaptation for human or societal risk reduction.","Seafloor reworking over the transgressive evolution of the shelf appears to have switched from sand ridge evolution, which is documented to ∼ 40 m water depth, to more strictly erosional modification at greater water depths.",0.00,100.00,2026-08-31_14-48-24_sol_cche_pathways_adaptation_target_clarification
38182,7e86ba10-8575-4d09-b3cc-739d14822b6f,,5,include - best balance,True,,,,,False,False,"EXCLUDE. The record describes a radiochemical enzyme assay and contains no substantive climate-related component or qualifying climate-health, mitigation, or adaptation connection.",A relatively rapid radiochemical procedure for the determination of folylpolyglutamate synthetase activity is presented in this communication.,0.00,100.00,2026-08-31_14-48-24_sol_cche_pathways_adaptation_target_clarification
5163486702,83d587f9-123a-46f4-bedb-3bf8f441cc41,"Viruses, Exploits, Malware and Security Issues on IoT Devices",5,include - best balance,True,,,,,False,False,"The paper concerns cybersecurity, certification, and shell vulnerabilities in IoT devices. It contains no substantive climate-related component and therefore does not satisfy the required climate-plus-health, mitigation, or adaptation criteria.","Therefore, the security of the IoT devices is mandatory for any solution in the field – e.g., from Smart Cities to Healthcare.",0.00,100.00,2026-08-31_14-48-24_sol_cche_pathways_adaptation_target_clarification
3322946278,88bdbaac-a901-421f-9718-a5b63d7fc98a,Ion transport in hypertension: are changes in the cell membrane responsible?,5,include - best balance,True,,,,,False,False,"EXCLUDE. The record concerns cell membrane lipid composition, ion transport, hypertension, and possible dietary intervention. Although it has a human-health component, it contains no substantive climate-related factor, climate mitigation action, or climate adaptation component.","Disturbances in several, distinct cell membrane ion transport processes have been demonstrated in essential hypertension",0.00,100.00,2026-08-31_14-48-24_sol_cche_pathways_adaptation_target_clarification
2881444016,9030242a-03a6-424f-9025-751812cbf88c,Harboring Sustainability: Assessing the Carbon Footprint of Maritime Fender Systems for Sustainable Ports,5,include - best balance,True,,,,,True,True,"INCLUDE. The record substantively addresses CO2 emissions from fender manufacturing and reports practical measures intended to reduce those emissions, satisfying both the climate-related and mitigation criteria.","highlighting various measures that all fender manufacturers can adopt to reduce CO2 emissions through design modifications, material selection, transportation, and maintenance practices.",0.00,100.00,2026-08-31_14-48-24_sol_cche_pathways_adaptation_target_clarification
1677110707,906f7dba-7ab3-4e57-9d1d-acc6dc81793a,Pre-existing conditions and the COVID-19 pandemic : the factors driving female television journalists to leave the news industry,5,include - best balance,True,,,,,False,False,"EXCLUDE. The study concerns COVID-19-related burnout, job satisfaction, and turnover among television journalists. Its brief hypothetical mention of a future natural disaster is not a substantive climate-related component, and no climate mitigation or adaptation pathway is studied.","The results of this study may provide employers and media organizations with ideas about how to retain women television journalists amidst the next significant crisis or ""shock,"" whether it be another world health crisis, natural disaster, or a substantial shift in the industry.",0.00,100.00,2026-08-31_14-48-24_sol_cche_pathways_adaptation_target_clarification
9587,9394bc32-630d-4128-8dfc-04448776fd1f,"Climate and mortality in Australia: retrospective study, 1979-1990, and predicted impacts in five major cities in 2030",5,include - best balance,True,,,,,True,True,"INCLUDE. The study substantively analyzes climatic extremes and temperature as exposures in relation to human mortality, then projects health impacts under future climate and demographic scenarios. This explicitly satisfies the climate-and-health pathway.",We therefore aimed to quantify the relationship between climatic extremes and mortality in the 5 largest Australian cities during the period 1979-1990.,0.00,100.00,2026-08-31_14-48-24_sol_cche_pathways_adaptation_target_clarification
19966,96cfedc7-a996-4889-b776-ed69ba02dcdf,Bestimmung von Kohlenstoff und Wasserstoff in organischen Verbindungen,5,include - best balance,True,,,,,False,False,"EXCLUDE. Methane oxidation is studied only as a catalyst test for ultimate analysis, not as a climate, emissions, energy, air-quality, health, mitigation, or adaptation matter. The record therefore lacks the required substantive climate-related intent and a qualifying pathway.",The test substance was methane in mixture with oxygen (4 volume %) and the lowest temperature was established at which the methane is completely oxidized to water and carbon dioxide.,0.00,100.00,2026-08-31_14-48-24_sol_cche_pathways_adaptation_target_clarification
3522,a7eda8a9-ef16-4830-8fde-a1971b7b3a6a,The Application of Automated Techniques in the Management and Control of Source Materials,5,include - best balance,True,,,,,False,False,"The document discusses applications of computers to archival work and information retrieval. It contains no substantive climate-related component and no qualifying health, climate mitigation, or climate adaptation component.","By applying the computer in archival and manuscript work, the professions can attack problems that long ago were abandoned as prohibitively expensive.",0.00,100.00,2026-08-31_14-48-24_sol_cche_pathways_adaptation_target_clarification
521359478,ac766dc4-9743-45cf-82af-a1c1bdc35392,AN AYURVEDIC APPROACH IN THE MANAGEMENT OF URTICARIA(SHEETPITTA): A CASE STUDY,5,include - best balance,True,,,,,False,False,"EXCLUDE. The record addresses human health through a case study of urticaria, but it has no substantive climate-related component. Its generic background mention of pollution and industrialization is not linked to climate change or a recognized climate-forcing agent, and the study evaluates Ayurvedic treatment rather than climate mitigation or adaptation.","Epidemologically urticaria is increasing now days due to industrialization, pol-lution, increased use of various skin products, changes in lifestyle.",0.00,100.00,2026-08-31_14-48-24_sol_cche_pathways_adaptation_target_clarification
7036,aca9a3eb-cb4e-41dd-9b8e-ece878f7294a,BIOREMEDIATION OF HYDROCARBON POLLUTANTS USING SEWAGE SLUGE AS BIOSTIMULATION AGENTS,5,include - best balance,True,,,,,False,False,"EXCLUDE. The study concerns bioremediation of crude-oil pollution using sewage sludge and bacteria. Although crude oil is a fossil fuel, it is studied as an environmental contaminant rather than as a climate, energy, emissions, or air-quality matter. The record also provides no qualifying human-health, climate-mitigation, or climate-adaptation component.",Experiments were conducted to determine the nutritional contents of sewage sludge with a view to assessing their effect in bacterial degradation of Bonny light crude oil.,0.00,100.00,2026-08-31_14-48-24_sol_cche_pathways_adaptation_target_clarification
712110,b7fe7d7d-00b7-411a-a269-5fb9542e9c94,Adhesion and anti-inflammatory potential of<i>Lactobacillus rhamnosus</i>GG in a sea buckthorn based beverage matrix,5,include - best balance,True,,,,,False,False,"EXCLUDE. The study concerns a probiotic beverage’s effects on experimentally induced intestinal inflammation in zebrafish. It does not substantively address climate change, climate/weather variables, climate hazards, fossil fuels, climate-forcing emissions, mitigation, or climate adaptation.",this study also determined the protective effect of SBT + M on the in vivo functionality of LR in alleviating LPS induced inflammation in zebrafish (Danio rerio).,0.00,100.00,2026-08-31_14-48-24_sol_cche_pathways_adaptation_target_clarification
9492,bcb62fae-400a-4e03-849b-e9654159a988,"LOADING AND STRUCTURAL RESPONSE OF DEVELOPED SHORELINES UNDER WAVES, SURGE, AND TSUNAMI OVERLAND FLOW HAZARDS",5,include - best balance,True,,,,,True,True,"INCLUDE. The study substantively examines climate-related coastal hazards, including hurricanes, storms, waves, and storm surge. Its large-scale experiments generate evidence on hydrodynamic loading and damage to structures in coastal communities, directly supporting coastal hazard assessment, preparedness, resilience, and risk reduction.","Prediction of surge, wave, and tsunami flow transformation over the built and natural environment is essential in determining survival and failure of near-coast structures.",0.00,100.00,2026-08-31_14-48-24_sol_cche_pathways_adaptation_target_clarification
2929,bd59352e-90a0-47fc-ab8c-d59e2f4fa6e6,Analysing Mechanical Properties of Synthetic Material for Artificial Organ Manufacturing by Finite Element Analysis,5,include - best balance,True,,,,,False,False,"EXCLUDE. The document concerns finite-element analysis of material deformation, fracture, and stress. Temperature is mentioned only as a factor in material behavior, not as a substantive climate or weather variable, and there is no qualifying health, climate-mitigation, or climate-adaptation component.","Numerical simulations allow for analysis in terms of nonlinear materiality using various constitutive models so as to account for the effects of strain rate, temperature, etc.",0.00,100.00,2026-08-31_14-48-24_sol_cche_pathways_adaptation_target_clarification
3627,c79d3b29-7dff-4b50-a574-b3fbd580c269,"Critical Perspectives on Representation, Equity, and Rights Developing a Comparative Politics of Environmental Justice",5,include - best balance,True,,,,,False,False,"The chapter substantively discusses climate change within environmental justice and governance, but the abstract does not address a qualifying human-health relationship, climate mitigation action, or adaptation/preparedness/risk-reduction activity. Therefore, it does not satisfy both required components for inclusion.",Frontline environmental justice communities now include nation-states like Fiji that faces existential threats from climate change.,0.00,100.00,2026-08-31_14-48-24_sol_cche_pathways_adaptation_target_clarification
5996,ccb24fb6-538e-4ca7-975e-4633cfbe5547,Influence of spraying by suspended dry yeast bread and soaked licorice root and salsalic acid to resist fungus Sclerotinia sclerotiorum on eggplant,5,include - best balance,True,,,,,False,False,"EXCLUDE. The study evaluates treatments for a fungal disease of eggplant and reports plant-growth outcomes. It contains no substantive climate-related factor, climate mitigation action, or climate-adaptation purpose, and plant disease alone does not establish a qualifying human-health pathway.",to see the effect of the use of yeast bread and soaked water for licorice and salisalic said on the growth of fungus Sclerotinia sclerotiorum that causes mold white eggplant,0.00,100.00,2026-08-31_14-48-24_sol_cche_pathways_adaptation_target_clarification
83407,cd227c2e-3bba-44ba-9417-b8b9bff106bb,,5,include - best balance,True,,,,,False,False,"EXCLUDE. The study evaluates material properties of polysulfone–montmorillonite nanocomposite membranes. It contains no substantive climate-related component and does not address human health, climate mitigation, or climate adaptation.","The purpose was to study the MMT addition with contents of 0.5 and 3.0 mass% MMT in the preparation of nanocomposite membranes by means of morphology, thermal, mechanical and hydrophilic properties of nanocomposite membranes",0.00,100.00,2026-08-31_14-48-24_sol_cche_pathways_adaptation_target_clarification
63408,db227fc0-c226-4718-beae-72f1653d6533,Cerebral Venous Sinus Thrombosis Following Nitrous Oxide Abuse: A Clinical Reminder of a Growing Trend,5,include - best balance,True,,,,,False,False,"EXCLUDE. Although the record concerns human disease and nitrous oxide, the nitrous oxide is studied as a recreational toxicant causing functional vitamin B12 deficiency and hyperhomocysteinemia, not as a climate, emissions, energy, or air-quality matter. Therefore, it lacks a substantive climate-related component.",He reported recent chronic nitrous oxide use.,0.00,100.00,2026-08-31_14-48-24_sol_cche_pathways_adaptation_target_clarification
1447017,e28e4893-afee-4a9c-9bfb-1306085b86fd,Interactions between Polygenetic Variants and Lifestyle Factors in Hypothyroidism: A Hospital-Based Cohort Study,5,include - best balance,True,,,,,False,False,"EXCLUDE. The record addresses human health through hypothyroidism, genetics, diet, and smoking, but it contains no substantive climate-related variable, hazard, climate-forcing agent, mitigation action, or adaptation component.",This study aimed to investigate the polygenic variants associated with hypothyroidism risk and the interaction of polygenic risk scores (PRS) with dietary patterns in influencing disease risk,0.00,100.00,2026-08-31_14-48-24_sol_cche_pathways_adaptation_target_clarification
582288464,e653d09a-b246-48fd-88b3-aec5823a4670,"&lt;title&gt;Advances in radio frequency tumor ablation therapy: technical considerations, strategies for increasing coagulation necrosis volume, and preliminary clinical results&lt;/title&gt;",5,include - best balance,True,,,,,False,False,"EXCLUDE. The record concerns a clinical tumor-ablation technique. Although it discusses thermal effects and tissue cooling, these are procedural biophysical conditions rather than climate or weather variables, and there is no substantive climate-change, mitigation, or adaptation component.",Radiofrequency (RF) tumor ablation has been demonstrated as a reliable method for creating thermally induced coagulation necrosis,0.00,100.00,2026-08-31_14-48-24_sol_cche_pathways_adaptation_target_clarification
4686393638,e7b6c454-f386-4808-95cb-a36f5e001d67,Přepadení transportů peněz a cenností,5,include - best balance,True,,,,,False,False,EXCLUDE. The record concerns crew behavior and psychological preparation and care associated with assault transport vehicles. It contains no substantive climate-related component and therefore does not meet the core inclusion rule.,"The aim of this work is to describe the proper behavior of crew transport vehicle before, during and after transport and communicate rules of this behavior.",0.00,100.00,2026-08-31_14-48-24_sol_cche_pathways_adaptation_target_clarification
177028685,edfc4ad6-84c7-4bae-b90f-14e8505be9e2,"Synthesis, reactivity and X-ray crystallographic characterization of chloro(propan-2-ol)bis(tetraisopropoxoaluminato)praseodymium(<scp>III</scp>) dimer, [{Pr[Al(OPr<sup>i</sup>)<sub>4</sub>]<sub>2</sub>(Pr<sup>i</sup>OH)(µ-Cl)}<sub>2</sub>]",5,include - best balance,True,,,,,False,False,"EXCLUDE. The record concerns the synthesis and structural characterization of a praseodymium complex. It contains no substantive climate-related component and no qualifying health, mitigation, or adaptation component.","The product of the 1 : 2 reaction between PrCl3·3PriOH and K[Al(OPri)4] in benzeno–propan-2-ol, has been shown by X-ray crystallographic analysis to be a heptacoordinated heteroleptic alkoxometallatopraseodymium(III) complex 1",0.00,100.00,2026-08-31_14-48-24_sol_cche_pathways_adaptation_target_clarification
1378,f675f264-f9c6-4a02-bd50-987e99d316d6,Crowdsourced hotspot validation and data visualisation for location-based haze mitigation,5,include - best balance,True,,,,,True,True,"INCLUDE. The study substantively addresses peatland fires, a climate-related wildfire hazard, and develops a community-based monitoring and validation tool for fire/haze mitigation. This qualifies as hazard management and adaptation supporting a recognized wildfire smoke/haze health-exposure pathway.",The study showed the potential use of mobile apps for local communities to help the government validate hotspots for haze mitigation.,0.00,100.00,2026-08-31_14-48-24_sol_cche_pathways_adaptation_target_clarification
4047410,f7e04a22-33aa-4623-86e8-536ea6dfe6b3,The Importance of Weather and Climate to Energy Systems: A Workshop on Next Generation Challenges in Energy–Climate Modeling,5,include - best balance,True,,,,,False,False,"EXCLUDE. The record substantively concerns climate-risk modeling, but only in relation to energy systems. It does not describe human health, health systems, a mitigation action, or adaptation protecting people or human-important ecosystems. Climate resilience of energy systems alone does not meet the specified adaptation criterion.","The workshop had two primary goals: to build a deeper engagement across the “energy” and “climate” research communities, and to identify and begin to address the scientific challenges associated with modelling climate risk in energy systems.",0.00,100.00,2026-08-31_14-48-24_sol_cche_pathways_adaptation_target_clarification
927648283,fe22b58d-5609-4ffa-9b1f-208f699a2fa5,"Environmental conditions before and after the bloom events Cayo-A, Cayo-B, and Cayo-C, from monthly water quality monitoring samples collected at BB1.",5,include - best balance,True,,,,,True,False,"EXCLUDE. Temperature is monitored, but the record provides no substantive qualifying health, mitigation, or adaptation component, nor any stated connection to climate change, climate variability, or climate-related risk.",All parameters reported (including temperature and salinity) are from monitoring data.,0.00,100.00,2026-08-31_14-48-24_sol_cche_pathways_adaptation_target_clarification
7457330,ffb0ca7e-8cb5-4bb0-8d3b-2f3e2cc38439,Adiponectin and Alzheimer's disease: Is there a link?,5,include - best balance,True,,,,,False,False,"EXCLUDE. The study concerns cellular hydroxyl radicals, oxidative stress, and organ-targeted scavengers. It does not substantively address climate change, weather or climate hazards, fossil fuels, climate-forcing agents, mitigation, or adaptation.","cytoplasmic •OH plays a central role in cytoplasm ROS-induced oxidative stress, which potentiates cellular senescence, inflammation, and apoptosis in the kidney and lung.",0.00,100.00,2026-08-31_14-48-24_sol_cche_pathways_adaptation_target_clarification
