prefix,term,df,ttf
wildfire,wildfire,156,259
wildfire,wildfires,86,129
wildfire,wildfiremanagement,1,1
wave,wave,11631,19708
wave,waves,4945,7465
wave,wavelength,4089,5393
wave,wavelet,1799,3974
wave,wavelengths,1213,1532
wave,waveguide,988,1687
wave,waveform,926,1357
wave,waveforms,563,797
wave,waveguides,403,589
wave,wavefront,246,402
wave,wavelets,196,296
wave,wavenumber,100,135
wave,wavefunction,64,95
wave,wavenumbers,63,79
wave,wavefunctions,53,72
wave,waveband,43,62
wave,wavefield,41,60
wave,wavefronts,39,59
wave,waveguiding,26,30
wave,wavepacket,23,36
wave,wavebands,21,26
wave,waved,21,23
wave,waverly,19,22
wave,wavering,17,19
wave,wavevector,17,25
wave,wavelike,12,12
wave,waveone,12,26
wave,wavefields,11,14
wave,wavepackets,11,11
wave,waver,11,12
wave,wavelengh,9,9
wave,wavevectors,9,10
wave,waveshape,8,12
wave,waveplate,6,11
wave,wavered,6,6
wave,waverider,6,18
wave,wavespeed,6,8
wave,waveguided,5,8
wave,wavelenght,5,7
wave,wavescan,5,6
wave,wavetrain,5,8
wave,wavemeter,4,5
wave,waveplates,4,4
wave,waverley,4,6
wave,waveshapes,4,5
wave,wavetable,4,8
wave,wavelenghth,3,3
wave,wavelenghts,3,3
wave,wavelengthes,3,3
wave,wavelight,3,3
wave,wavenet,3,5
wave,waveriders,3,3
wave,wavetrains,3,3
wave,wavewatch,3,3
wave,wavecom,2,3
wave,wavefiled,2,3
wave,wavefrom,2,2
wave,wavelan,2,2
wave,wavelenths,2,2
wave,wavell,2,2
wave,wavemakers,2,5
wave,wavemaking,2,3
wave,wavemode,2,2
wave,wavesonic,2,3
wave,waveagainst,1,1
wave,wavebase,1,1
wave,wavebottom,1,1
wave,wavebreaks,1,1
wave,waveburst,1,1
wave,wavecals,1,1
wave,waveceptor,1,1
wave,waveconditionandwindresourcefactors,1,1
wave,waveconditions,1,1
wave,wavecrest,1,1
wave,wavecut,1,1
wave,wavedscu,1,1
wave,waveeq,1,1
wave,wavef,1,1
wave,wavefieldextrapolation,1,1
wave,wavefilter,1,1
wave,wavefonn,1,1
wave,waveforme,1,1
wave,wavefronterror,1,1
wave,wavefunctionsof,1,1
wave,wavegarden,1,1
wave,wavegnide,1,2
wave,waveguid,1,1
wave,waveguidesbased,1,1
wave,waveguidetoring,1,1
wave,waveguids,1,1
wave,waveheight,1,1
wave,waveheights,1,1
wave,waveicles,1,2
wave,waveinduced,1,1
wave,wavelaser,1,1
wave,wavelegth,1,1
wave,wavelengt,1,1
wave,wavelengthan,1,2
wave,wavelengthapproach,1,1
wave,wavelengthdependent,1,1
vehicle,vehicle,7265,12887
vehicle,vehicles,3708,5709
vehicle,vehiclebrand,1,1
vehicle,vehiclee,1,1
vehicle,vehiclehours,1,1
vehicle,vehiclemonitor,1,1
vehicle,vehiclerouting,1,2
vehicle,vehiclesand,1,1
vehicle,vehiclescrashing,1,1
vehicle,vehicleses,1,1
vehicle,vehiclesfederal,1,1
vehicle,vehiclespeed,1,1
vehicle,vehicleswill,1,1
vehicle,vehicletreated,1,1
vehicle,vehiclewith,1,1
variable,variables,18841,27432
variable,variable,14929,19295
variable,variablen,32,36
variable,variabler,12,15
variable,variablene,4,4
variable,variablerna,3,4
variable,variableness,2,2
variable,variablesand,2,2
variable,variablesare,2,2
variable,variablealone,1,1
variable,variableby,1,1
variable,variablecoefficient,1,1
variable,variabledescent,1,1
variable,variableempathy,1,1
variable,variableenvironments,1,1
variable,variablefrequency,1,1
variable,variablehomfly,1,1
variable,variablejob,1,1
variable,variablek,1,1
variable,variablel,1,1
variable,variablenbeschreibung,1,1
variable,variablengruppen,1,1
variable,variablenkombinationen,1,1
variable,variablenpruefung,1,1
variable,variableperformance,1,1
variable,variableprice,1,1
variable,variablers,1,1
variable,variablesby,1,1
variable,variablescan,1,1
variable,variablescualitativas,1,1
variable,variablesde,1,1
variable,variablesempathy,1,1
variable,variablesestudiadas,1,1
variable,variablesexogenous,1,1
variable,variablesexplanation,1,1
variable,variablesf,1,1
variable,variablesfrom,1,1
variable,variableshouseholds,1,1
variable,variablesin,1,1
variable,variableslabor,1,1
variable,variablesling,1,1
variable,variablesoincreases,1,1
variable,variableson,1,1
variable,variablesother,1,1
variable,variablesque,1,1
variable,variablessuch,1,1
variable,variablesthe,1,1
variable,variablesusceptibilities,1,1
variable,variableswhose,1,1
variable,variablesy,1,1
variable,variablet,1,1
typhoon,typhoon,195,414
typhoon,typhoons,59,92
transport,transport,14874,24546
transport,transportation,5581,9231
transport,transporter,1899,2745
transport,transported,1302,1546
transport,transporte,1138,1568
transport,transporters,1090,1736
transport,transporting,669,771
transport,transports,415,489
transport,transportasi,255,469
transport,transportes,164,199
transport,transportu,120,128
transport,transportable,65,75
transport,transportowych,36,37
transport,transportations,32,36
transport,transporta,30,37
transport,transportability,28,32
transport,transportar,23,25
transport,transportowej,21,21
transport,transportador,20,30
transport,transportadores,20,29
transport,transporteur,20,25
transport,transportadas,16,16
transport,transportista,16,22
transport,transportem,14,17
transport,transporteurs,14,16
transport,transportados,12,14
transport,transportowego,12,12
transport,transportada,11,11
transport,transportan,11,11
transport,transportadora,9,12
transport,transportiert,9,9
transport,transportowym,9,9
transport,transportado,8,8
transport,transportadoras,8,8
transport,transportion,8,8
transport,transportistas,8,9
transport,transportowe,8,8
transport,transportaion,6,8
transport,transportational,6,9
transport,transportkosten,6,6
transport,transportnih,6,7
transport,transportacion,5,5
transport,transportando,5,5
transport,transporten,5,5
transport,transportin,5,6
transport,transportowy,5,5
transport,transportees,4,4
transport,transportketten,4,6
transport,transportome,4,5
transport,transportowa,4,4
transport,transportables,3,3
transport,transportal,3,3
transport,transportam,3,3
transport,transportbehov,3,4
transport,transportbetonwerk,3,3
transport,transportere,3,3
transport,transportert,3,3
transport,transporteuses,3,3
transport,transportmore,3,3
transport,transporto,3,3
transport,transportsystemen,3,4
transport,transportadors,2,6
transport,transportarlo,2,2
transport,transportasinya,2,2
transport,transportat,2,2
transport,transportaufgaben,2,2
transport,transportbeton,2,2
transport,transportee,2,2
transport,transportera,2,6
transport,transporteres,2,2
transport,transportgewerbe,2,3
transport,transportgut,2,2
transport,transportieren,2,2
transport,transportlogistik,2,2
transport,transportmittel,2,2
transport,transportnetzwerken,2,2
transport,transportowo,2,2
transport,transportsektoren,2,3
transport,transportsystem,2,2
transport,transportsystemet,2,2
transport,transportwesen,2,3
transport,transportaba,1,1
transport,transportaban,1,1
transport,transportabel,1,1
transport,transportabilni,1,1
transport,transportablen,1,1
transport,transportaci,1,1
transport,transportacia,1,1
transport,transportactiviteiten,1,1
transport,transportader,1,1
transport,transportadres,1,1
transport,transportally,1,1
transport,transportand,1,1
transport,transportandsedimentationbecomesimportantwith,1,1
transport,transportanforderungen,1,1
transport,transportangebote,1,1
transport,transportangeboten,1,1
transport,transportant,1,1
transport,transportara,1,1
transport,transportaron,1,1
temperature,temperature,38866,71173
temperature,temperatures,8080,11046
temperature,temperaturen,37,48
temperature,temperatureand,11,11
temperature,temperaturer,5,6
temperature,temperatureas,2,2
temperature,temperaturebased,2,2
temperature,temperaturein,2,2
temperature,temperatureinwirkung,2,2
temperature,temperatureinwirkungen,2,2
temperature,temperatureis,2,2
temperature,temperaturentwicklung,2,2
temperature,temperatureof,2,2
temperature,temperaturerhoehung,2,2
temperature,temperaturesolid,2,2
temperature,temperaturea,1,1
temperature,temperatureactivating,1,1
temperature,temperatureactive,1,1
temperature,temperatureammonium,1,1
temperature,temperatureare,1,1
temperature,temperatureaware,1,1
temperature,temperatureceramic,1,1
temperature,temperatureconcentration,1,1
temperature,temperaturecontrol,1,1
temperature,temperaturedependent,1,1
temperature,temperaturedistribution,1,1
temperature,temperaturedo,1,1
temperature,temperaturedophwater,1,1
temperature,temperaturedyeing,1,1
temperature,temperatureethanol,1,1
temperature,temperaturegradient,1,1
temperature,temperaturehold,1,1
temperature,temperatureincrease,1,1
temperature,temperatureindependent,1,1
temperature,temperatureinfluss,1,1
temperature,temperatureinoculum,1,1
temperature,temperaturelincslinear,1,1
temperature,temperaturemagmatic,1,1
temperature,temperaturematerial,1,1
temperature,temperaturemolar,1,1
temperature,temperaturemore,1,1
temperature,temperaturendringen,1,1
temperature,temperaturene,1,1
temperature,temperatureofrock,1,1
temperature,temperatureprecipitationrelative,1,1
temperature,temperaturepressurepressure,1,1
temperature,temperatureprogrammed,1,1
temperature,temperatureratio,1,1
temperature,temperatureregulating,1,1
temperature,temperaturermsdroot,1,1
temperature,temperaturesand,1,1
temperature,temperaturesbased,1,1
temperature,temperaturesif,1,1
temperature,temperaturesmuch,1,1
temperature,temperaturess,1,1
temperature,temperaturestratification,1,1
temperature,temperatureswere,1,1
temperature,temperaturetime,1,1
temperature,temperatureultrasonic,1,1
temperature,temperaturevariation,1,1
temperature,temperaturewas,1,1
temperature,temperaturewhich,1,1
temperature,temperaturextreme,1,1
sustainab,sustainable,8839,12763
sustainab,sustainability,3043,4632
sustainab,sustainably,142,150
sustainab,sustainabledevelopment,5,5
sustainab,sustainabe,2,2
sustainab,sustainabiity,2,4
sustainab,sustainabilitas,2,5
sustainab,sustainabilty,2,2
sustainab,sustainabie,1,1
sustainab,sustainabilicy,1,1
sustainab,sustainabililty,1,1
sustainab,sustainabilily,1,1
sustainab,sustainabilit,1,2
sustainab,sustainabilitarian,1,1
sustainab,sustainabilite,1,4
sustainab,sustainabilitya,1,1
sustainab,sustainabilityof,1,1
sustainab,sustainabilitysustainability,1,1
sustainab,sustainableagriculture,1,1
sustainab,sustainableand,1,1
sustainab,sustainabled,1,1
sustainab,sustainabledevelopmentutilization,1,1
sustainab,sustainableengineering,1,1
sustainab,sustainablely,1,1
sustainab,sustainablemanagement,1,1
sustainab,sustainablemultifamily,1,1
sustainab,sustainableregeneration,1,1
sustainab,sustainablesocial,1,1
sustainab,sustainablewaste,1,1
sustainab,sustainablewinegrowing,1,1
sustainab,sustainablility,1,1
sustainab,sustainablilty,1,1
sustainab,sustainablity,1,1
sulfate,sulfate,3897,6348
sulfate,sulfated,276,495
sulfate,sulfates,173,243
sulfate,sulfatepolyacrylamide,3,3
sulfate,sulfatereducing,2,2
sulfate,sulfateammonium,1,1
sulfate,sulfatecontaining,1,1
sulfate,sulfatecontent,1,1
sulfate,sulfatee,1,1
sulfate,sulfatees,1,1
sulfate,sulfatehydrate,1,1
sulfate,sulfaten,1,1
sulfate,sulfaterich,1,1
sulfate,sulfateurea,1,1
storm,storm,1188,1800
storm,storms,418,568
storm,stormwater,184,392
storm,stormy,46,52
storm,storming,24,25
storm,stormed,11,12
storm,stormflow,7,7
storm,stormer,6,7
storm,storminess,4,4
storm,stormers,3,6
storm,stormi,3,3
storm,stormont,3,3
storm,stormtime,3,6
storm,stormvloedkering,3,3
storm,storme,2,2
storm,stormen,2,2
storm,stormo,2,2
storm,stormvloeden,2,2
storm,stormachtige,1,1
storm,stormal,1,2
storm,stormberg,1,1
storm,stormbergensis,1,2
storm,stormclouds,1,2
storm,stormflows,1,1
storm,stormheit,1,1
storm,stormier,1,1
storm,stormig,1,1
storm,stormmeeuw,1,1
storm,stormoen,1,1
storm,stormorken,1,1
storm,stormprofiel,1,1
storm,stormrapport,1,1
storm,stormready,1,1
storm,stormroute,1,1
storm,stormsdelta,1,1
storm,stormshak,1,2
storm,stormspecific,1,1
storm,stormtide,1,4
storm,stormtrooper,1,1
storm,stormtroopers,1,1
storm,stormvogels,1,1
storm,stormwaters,1,1
spell,spelling,355,584
spell,spell,180,243
spell,spells,149,193
spell,spelled,70,76
spell,spellings,23,37
spell,speller,12,16
spell,spellman,8,8
spell,spellbinding,6,6
spell,spellen,6,8
spell,spellers,6,6
spell,spellbound,3,3
spell,spellenberg,2,2
spell,spellbinders,1,1
spell,spellbrink,1,1
spell,spelle,1,1
spell,spellerberg,1,1
spell,spellgear,1,1
spell,spellingkennis,1,1
spell,spellingsregel,1,1
spell,spellingsysteem,1,1
spell,spellingvaardigheden,1,1
spell,spellingvaardigheid,1,1
spell,spellingwoorden,1,1
spell,spellingworking,1,1
spell,spellling,1,3
spell,spellmann,1,1
spell,spellout,1,1
spell,spellweaving,1,1
snowmelt,snowmelt,76,127
snowmelt,snowmelting,1,2
snowmelt,snowmeltwater,1,1
shift,shift,8841,11562
shift,shifts,3164,3979
shift,shifted,2341,2617
shift,shifting,1883,2280
shift,shifter,83,130
shift,shifters,45,57
shift,shiftwork,19,29
shift,shiftless,3,3
shift,shiftworkers,3,5
shift,shifty,3,3
shift,shiftes,2,2
shift,shiftly,2,2
shift,shiftness,2,3
shift,shiftof,2,2
shift,shiftshare,2,3
shift,shiftworking,2,2
shift,shiftability,1,1
shift,shiftabilitysupply,1,1
shift,shiftalong,1,1
shift,shiftaltematives,1,1
shift,shiftan,1,1
shift,shiftat,1,1
shift,shiftbetween,1,1
shift,shiftdown,1,3
shift,shifte,1,1
shift,shiftframe,1,1
shift,shiftfrom,1,1
shift,shifthing,1,1
shift,shiftingand,1,1
shift,shiftingat,1,1
shift,shiftingwas,1,1
shift,shiftits,1,1
shift,shiftmodulation,1,1
shift,shiftphenomenon,1,1
shift,shiftthat,1,1
shift,shiftting,1,1
shift,shifttowards,1,1
shift,shiftup,1,1
shift,shiftyang,1,1
river,river,8160,15877
river,rivers,1443,2105
river,rivera,228,274
river,riverine,195,260
river,riverside,108,146
river,riverbed,82,116
river,rivero,57,60
river,riverbank,35,52
river,riverains,18,18
river,rivermead,16,16
river,riverfront,13,21
river,riverbanks,11,19
river,riverway,10,20
river,riverbeds,7,8
river,riverina,6,6
river,riveraines,5,6
river,riverhead,5,8
river,riversides,5,5
river,riverview,5,6
river,riverscapes,4,5
river,riverwater,4,5
river,riverboat,3,3
river,riverboats,3,3
river,riverdale,3,3
river,riverflow,3,3
river,riverland,3,5
river,riveros,3,4
river,riverscape,3,4
river,riversleigh,3,6
river,riverain,2,3
river,riveraine,2,2
river,riverare,2,2
river,riveras,2,2
river,riverbasin,2,2
river,rivercrossing,2,2
river,riverestuary,2,2
river,riverfronts,2,2
river,riversand,2,3
river,riverstrahler,2,2
river,riveracusicanqui,1,1
river,riverae,1,1
river,riveran,1,3
river,riverbase,1,1
river,riverbend,1,1
river,riverberi,1,1
river,riverbones,1,1
river,riverbottoms,1,1
river,rivercess,1,1
river,rivercom,1,1
river,rivercourse,1,3
river,riverd,1,1
river,riverdance,1,1
river,riverdeep,1,1
river,rivere,1,1
river,rivered,1,1
river,riverene,1,3
river,riveresand,1,1
river,riveriarum,1,1
river,riverjinlet,1,1
river,rivermore,1,1
river,riverneckar,1,1
river,riveroftheribeira,1,1
river,riveroi,1,1
river,riverottawa,1,8
river,riverpark,1,4
river,riverpop,1,2
river,riverrunoff,1,1
river,riversare,1,1
river,riversata,1,1
river,riversdale,1,1
river,riversend,1,2
river,rivershed,1,2
river,riversi,1,1
river,riversnebraska,1,1
river,riversonde,1,1
river,riverstarz,1,1
river,riverstone,1,1
river,riversystemsofsoutheastern,1,1
river,riverta,1,1
river,riverton,1,2
river,rivertown,1,1
river,rivertt,1,1
river,riverwalk,1,1
river,riverwatershed,1,1
river,riverwhich,1,1
river,riverwildlife,1,1
river,riverwood,1,1
renewable,renewable,1756,2682
renewable,renewables,87,111
renewable,renewableenergy,2,2
renewable,renewableswebsite,1,1
reduc,reduced,41478,51754
reduc,reduction,30446,40758
reduc,reduce,29915,33479
reduc,reducing,16712,18998
reduc,reduces,7467,8009
reduc,reductions,2850,3441
reduc,reductase,1981,3065
reduc,reducir,684,755
reduc,reductive,657,844
reduc,reduccion,535,628
reduc,reducao,438,588
reduc,reducci,428,464
reduc,reducido,174,182
reduc,reductant,159,192
reduc,reducible,149,189
reduc,reducer,143,273
reduc,reductases,118,163
reduc,reducida,116,126
reduc,reduciendo,88,90
reduc,reducibility,74,100
reduc,reductionist,74,82
reduc,reducen,72,72
reduc,reductants,66,77
reduc,reductionism,57,65
reduc,reducciones,50,54
reduc,reducers,49,71
reduc,reducidos,44,44
reduc,reducidas,42,42
reduc,reduccio,37,48
reduc,reduc,26,28
reduc,reductively,26,27
reduc,reducirse,25,25
reduc,reductor,22,25
reduc,reductores,21,26
reduc,reduccionista,19,21
reduc,reducto,16,17
reduc,reduccionismo,15,15
reduc,reduct,15,21
reduc,reducoes,14,19
reduc,reductrice,14,15
reduc,reductasa,12,18
reduc,reductional,12,12
reduc,reduccionistas,11,11
reduc,reduciendose,11,11
reduc,reducethe,10,10
reduc,reducteur,9,10
reduc,reductible,9,9
reduc,reductio,9,11
reduc,reductionistic,8,8
reduc,reducionismo,7,7
reduc,reducirlo,7,7
reduc,reducted,7,8
reduc,reductora,7,7
reduc,reducts,7,14
reduc,reducation,6,7
reduc,reducting,6,7
reduc,reductoras,6,8
reduc,reducere,5,5
reduc,reduci,5,5
reduc,reducibles,5,5
reduc,reducira,5,5
reduc,reducteurs,5,6
reduc,reductie,5,6
reduc,reductiva,5,5
reduc,reduccia,4,7
reduc,reduceing,4,4
reduc,reducement,4,5
reduc,reduceren,4,4
reduc,reducimos,4,4
reduc,reducirana,4,4
reduc,reducirla,4,4
reduc,reducirlos,4,4
reduc,reducta,4,4
reduc,reductasas,4,4
reduc,reductionof,4,4
reduc,reductoisomerase,4,7
reduc,reductos,4,4
reduc,reduccions,3,3
reduc,reducd,3,3
reduc,reducde,3,3
reduc,reducia,3,3
reduc,reducion,3,4
reduc,reducionista,3,3
reduc,reduciranja,3,3
reduc,reduciria,3,3
reduc,reductibility,3,5
reduc,reductibles,3,3
reduc,reductif,3,4
reduc,reductionnisme,3,3
reduc,reductionnistes,3,3
reduc,reductones,3,6
reduc,reductrices,3,5
reduc,reductus,3,3
reduc,reduccionismos,2,2
reduc,reduceable,2,2
reduc,reducedthe,2,2
reduc,reduceed,2,2
reduc,reducera,2,2
reduc,reduceras,2,2
reduc,reducerea,2,2
recycl,recycling,1978,3121
recycl,recycled,822,1421
recycl,recycle,477,614
recycl,recyclable,173,193
recycl,recyclability,128,134
recycl,recycles,60,64
recycl,recyclage,51,68
recycl,recyclers,19,20
recycl,recyclables,14,21
recycl,recycler,13,13
recycl,recycl,5,5
recycl,recyclate,3,4
recycl,recyclingmaterial,3,3
recycl,recyclization,3,3
recycl,recyclages,2,3
recycl,recyclees,2,2
recycl,recyclen,2,2
recycl,recycleur,2,2
recycl,recyclabilite,1,1
recycl,recyclablity,1,1
recycl,recyclant,1,1
recycl,recyclates,1,1
recycl,recyclation,1,1
recycl,recyclc,1,1
recycl,recycleas,1,1
recycl,recycledconcrete,1,1
recycl,recycleurs,1,1
recycl,recyclingbaustoffe,1,1
recycl,recyclinghunter,1,1
recycl,recyclingnew,1,1
recycl,recyclingof,1,1
recycl,recyclings,1,1
recycl,recyclingstoffen,1,1
recycl,recyclingwasser,1,1
recycl,recyclingwirtschaft,1,1
recycl,recyclizes,1,1
rainfall,rainfall,2104,4354
rainfall,rainfalls,51,71
rainfall,rainfalldynamics,1,1
rainfall,rainfallsin,1,1
rainfall,rainfallwhich,1,1
rain,rainfall,2104,4354
rain,rain,1478,2499
rain,rainy,548,773
rain,rainbow,451,665
rain,rainfed,252,363
rain,rainwater,247,522
rain,rainforest,180,258
rain,rains,174,207
rain,rainstorm,92,206
rain,rainer,87,98
rain,rainfalls,51,71
rain,rainforests,46,59
rain,raining,46,64
rain,raindrop,39,54
rain,rained,30,35
rain,rainstorms,27,36
rain,raindrops,23,28
rain,rainha,21,28
rain,rainey,20,21
rain,rainier,15,18
rain,rainout,13,14
rain,raine,11,19
rain,rainbows,10,12
rain,rainflow,9,12
rain,raingauge,7,8
rain,rainmaker,7,12
rain,raines,6,8
rain,rainless,6,9
rain,rainband,5,8
rain,rainproof,5,8
rain,rainbowfish,4,6
rain,raincoat,4,5
rain,raingauges,4,5
rain,rainhas,4,9
rain,rainiest,4,7
rain,rainmaking,4,4
rain,rainbands,3,3
rain,raini,3,8
rain,rainis,3,3
rain,rainald,2,2
rain,rainbelt,2,3
rain,raindance,2,4
rain,rainera,2,2
rain,rainf,2,2
rain,rainfull,2,2
rain,raingage,2,3
rain,raingages,2,7
rain,raininess,2,2
rain,rainmakers,2,2
rain,rainning,2,2
rain,rainshelter,2,2
rain,rainstrom,2,3
rain,rainsuit,2,2
rain,raint,2,2
rain,rainur,2,2
rain,rainures,2,2
rain,rainyday,2,2
rain,raina,1,1
rain,rainaldo,1,3
rain,rainall,1,1
rain,rainbelts,1,1
rain,rainbirds,1,1
rain,rainbowcrack,1,2
rain,rainbowls,1,1
rain,rainbowos,1,1
rain,rainbowscreen,1,1
rain,rainbowtrout,1,3
rain,rainbrow,1,1
rain,rainclouds,1,1
rain,rainday,1,1
rain,raindra,1,1
rain,raineriophrys,1,1
rain,raineruekin,1,1
rain,rainex,1,1
rain,rainfa,1,1
rain,rainfal,1,1
rain,rainfalldynamics,1,1
rain,rainfallsin,1,1
rain,rainfallwhich,1,1
rain,rainfarm,1,1
rain,rainfastness,1,1
rain,rainfeed,1,1
rain,rainfield,1,1
rain,rainfields,1,2
rain,rainforcemint,1,2
rain,rainford,1,2
rain,rainfray,1,1
rain,rainfrog,1,1
rain,raingauging,1,1
rain,rainger,1,1
rain,rainguage,1,1
rain,rainguages,1,1
rain,rainhae,1,2
rain,rainholds,1,1
rain,rainhorn,1,1
rain,rainich,1,1
rain,rainie,1,1
rain,rainin,1,1
rain,rainkin,1,1
rain,rainlands,1,1
pump,pump,3844,6953
pump,pumping,1151,1758
pump,pumps,872,1223
pump,pumped,686,915
pump,pumpkin,172,395
pump,pumpkins,21,31
pump,pumpability,8,17
pump,pumpless,8,17
pump,pumpellyite,7,20
pump,pumpkinseed,7,14
pump,pumpable,5,6
pump,pumpen,4,4
pump,pumper,4,5
pump,pumpe,3,3
pump,pumpand,2,2
pump,pumparound,2,2
pump,pumpbetrieb,2,2
pump,pumpdown,2,2
pump,pumpernickel,2,2
pump,pumpers,2,7
pump,pumpes,2,2
pump,pumpin,2,2
pump,pumpprobe,2,2
pump,pumpsets,2,5
pump,pumpa,1,1
pump,pumpabiliry,1,1
pump,pumpbarkeit,1,1
pump,pumpbeating,1,1
pump,pumpbeton,1,1
pump,pumpcoronary,1,1
pump,pumpcrete,1,1
pump,pumpedpulsed,1,1
pump,pumpeilyite,1,1
pump,pumpellyit,1,1
pump,pumpernudl,1,1
pump,pumpesvikt,1,1
pump,pumpfunktion,1,1
pump,pumphouse,1,1
pump,pumpi,1,1
pump,pumpido,1,1
pump,pumpingconcrete,1,1
pump,pumpingpower,1,1
pump,pumpings,1,3
pump,pumpingunit,1,1
pump,pumpkinkqueen,1,1
pump,pumplike,1,1
pump,pumpmen,1,1
pump,pumpmix,1,1
pump,pumpover,1,1
pump,pumpoxygenater,1,1
pump,pumppada,1,1
pump,pumpped,1,1
pump,pumpperformance,1,1
pump,pumppressure,1,1
pump,pumpstorage,1,1
pump,pumpt,1,2
pump,pumpwirkung,1,1
pump,pumpwith,1,1
prevent,prevention,16005,21070
prevent,prevent,14514,15675
prevent,preventing,5927,6479
prevent,prevented,4444,4944
prevent,preventive,4164,5246
prevent,prevents,2299,2394
prevent,preventable,551,639
prevent,preventative,415,464
prevent,preventiva,271,315
prevent,preventivas,215,236
prevent,preventivo,210,246
prevent,preventif,74,85
prevent,preventivos,65,67
prevent,preventions,51,59
prevent,preventie,33,35
prevent,preventives,31,35
prevent,preventability,26,33
prevent,preventively,25,28
prevent,preventer,16,17
prevent,preventieve,10,13
prevent,preventivni,7,7
prevent,preventers,6,6
prevent,preventivnih,6,7
prevent,preventatives,5,5
prevent,preventionand,5,5
prevent,preventional,4,5
prevent,preventiu,4,4
prevent,preventivnim,4,4
prevent,preventation,3,4
prevent,preventief,3,3
prevent,preventiong,3,3
prevent,preventionists,3,3
prevent,preventionof,3,3
prevent,preventiv,3,3
prevent,preventivamente,3,3
prevent,preventivne,3,3
prevent,prevente,2,2
prevent,preventifs,2,4
prevent,preventionin,2,2
prevent,preventius,2,3
prevent,preventivi,2,2
prevent,preventivn,2,2
prevent,preventivna,2,2
prevent,preventivnog,2,2
prevent,preventivnu,2,2
prevent,preventment,2,2
prevent,preventricular,2,2
prevent,preventa,1,1
prevent,preventabilni,1,1
prevent,preventadall,1,1
prevent,preventcd,1,1
prevent,preventcoeliacdisease,1,1
prevent,preventedmajor,1,1
prevent,preventhyperlipemia,1,1
prevent,preventibility,1,1
prevent,preventiemiddelen,1,1
prevent,preventieven,1,1
prevent,preventifdalam,1,1
prevent,preventiing,1,1
prevent,preventin,1,1
prevent,preventinamente,1,1
prevent,preventingacute,1,1
prevent,preventingaggression,1,1
prevent,preventingherbicide,1,1
prevent,preventingmarxismagainst,1,1
prevent,preventingmore,1,1
prevent,preventingpollution,1,1
prevent,preventingurinary,1,1
prevent,preventiog,1,1
prevent,preventionary,1,1
prevent,preventionguideline,1,1
prevent,preventionist,1,1
prevent,preventionm,1,1
prevent,preventionmeasweswere,1,1
prevent,preventionofelectricitytheft,1,1
prevent,preventionoriented,1,1
prevent,preventionproblem,1,1
prevent,preventionstrategies,1,1
prevent,preventionwere,1,1
prevent,preventipn,1,1
prevent,preventirg,1,1
prevent,preventis,1,2
prevent,preventitive,1,1
prevent,preventivament,1,1
prevent,preventived,1,1
prevent,preventivemeasures,1,1
prevent,preventivismo,1,1
prevent,preventivno,1,1
prevent,preventmore,1,1
prevent,prevento,1,1
prevent,preventodor,1,1
prevent,preventon,1,1
prevent,preventoras,1,1
prevent,preventorio,1,1
prevent,preventorium,1,1
prevent,preventron,1,1
prevent,preventsundercooling,1,1
prevent,preventthe,1,1
prepare,prepared,17343,21050
prepare,prepare,3541,3798
prepare,preparedness,651,981
prepare,prepares,265,271
prepare,preparer,65,78
prepare,preparers,33,52
prepare,preparees,14,14
prepare,preparent,11,11
prepare,preparee,10,12
prepare,preparen,6,6
prepare,preparedby,5,5
prepare,preparez,3,3
prepare,prepareed,2,2
prepare,preparemos,2,2
prepare,prepareable,1,1
prepare,preparedand,1,1
prepare,preparedarabic,1,1
prepare,preparedforthe,1,1
prepare,preparedin,1,1
prepare,preparedready,1,1
prepare,prepareds,1,1
prepare,preparedseries,1,1
prepare,preparedsolid,1,1
prepare,preparedty,1,1
prepare,preparedwithin,1,1
prepare,prepareing,1,1
prepare,preparem,1,1
prepare,preparerait,1,1
prepare,preparered,1,1
prepare,preparert,1,1
prepare,preparese,1,1
prepare,preparetions,1,1
prepare,prepareto,1,1
precipitat,precipitation,4452,7452
precipitat,precipitated,760,868
precipitat,precipitate,586,740
precipitat,precipitates,382,540
precipitat,precipitating,307,357
precipitat,precipitations,122,155
precipitat,precipitator,77,110
precipitat,precipitators,35,45
precipitat,precipitat,2,2
precipitat,precipitatant,1,1
precipitat,precipitately,1,1
precipitat,precipitatii,1,1
precipitat,precipitatio,1,1
precipitat,precipitationand,1,1
precipitat,precipitationanomalies,1,1
precipitat,precipitationin,1,1
precipitat,precipitationtest,1,1
precipitat,precipitaton,1,1
panel,panel,6136,8496
panel,panels,1050,1534
panel,panelists,153,200
panel,paneles,61,72
panel,panelis,44,91
panel,panelist,31,35
panel,panellists,11,13
panel,panela,10,15
panel,paneling,6,6
panel,panell,6,8
panel,paneled,5,5
panel,paneli,5,5
panel,panelen,4,4
panel,panelistas,4,4
panel,panella,4,5
panel,panelling,4,5
panel,panelitian,3,3
panel,panelowych,3,3
panel,paneldata,2,2
panel,paneldaten,2,2
panel,panele,2,2
panel,panelin,2,2
panel,panelinhas,2,2
panel,panelista,2,2
panel,panells,2,2
panel,panelstudie,2,4
panel,panelu,2,3
panel,panelach,1,1
panel,panelas,1,1
panel,panelbecsl,1,1
panel,panelde,1,1
panel,paneleiro,1,2
panel,paneleiros,1,4
panel,panelera,1,2
panel,panelerhebung,1,1
panel,panelero,1,1
panel,paneleros,1,1
panel,paneless,1,1
panel,panelet,1,2
panel,panelgesprek,1,1
panel,panelima,1,1
panel,panelinstitute,1,1
panel,panelisti,1,1
panel,panelistler,1,1
panel,panelized,1,1
panel,panelled,1,1
panel,panelleden,1,1
panel,paneller,1,1
panel,panelleri,1,1
panel,panellerinde,1,1
panel,panellerineetkiyen,1,1
panel,panellerinin,1,1
panel,panello,1,1
panel,panellus,1,4
panel,panelove,1,1
panel,panelowa,1,2
panel,panelowej,1,1
panel,panelowym,1,1
panel,panelregressionen,1,1
panel,panelregressionsmodellen,1,1
panel,panelregresyon,1,1
panel,panelsamtal,1,1
panel,panelsel,1,1
panel,panelstichproben,1,1
panel,panelstudy,1,1
panel,panelswith,1,1
panel,paneltypische,1,1
panel,paneluntersuchung,1,1
panel,panely,1,1
paleo,paleozoic,264,414
paleo,paleo,242,366
paleo,paleol,113,116
paleo,paleogene,108,152
paleo,paleoclimate,90,125
paleo,paleomagnetic,84,113
paleo,paleocene,79,129
paleo,paleontology,78,84
paleo,paleontological,70,75
paleo,paleolithic,65,104
paleo,paleoenvironmental,64,70
paleo,paleoclimatic,61,67
paleo,paleogeography,43,49
paleo,paleontol,43,43
paleo,paleogeographic,40,46
paleo,paleoenvironment,39,48
paleo,paleoproterozoic,38,50
paleo,paleoecology,33,37
paleo,paleosol,31,54
paleo,paleolitico,30,41
paleo,paleosols,27,50
paleo,paleoecological,25,26
paleo,paleomagnetism,22,22
paleo,paleozoico,20,22
paleo,paleoceanographic,19,23
paleo,paleoambiental,18,18
paleo,paleoambientales,18,21
paleo,paleontolog,17,18
paleo,paleontologia,17,21
paleo,paleoenvironments,15,18
paleo,paleocristiana,14,14
paleo,paleograf,14,14
paleo,paleoindian,14,14
paleo,paleopathology,14,15
paleo,paleotemperature,14,16
paleo,paleokarst,13,24
paleo,paleoseismic,13,18
paleo,paleoclim,12,12
paleo,paleointensity,12,20
paleo,paleopathological,11,11
paleo,paleoclimates,10,11
paleo,paleogr,10,10
paleo,paleolithique,10,16
paleo,paleopatolog,10,11
paleo,paleoanthropology,9,10
paleo,paleoclimatology,9,9
paleo,paleoecol,9,9
paleo,paleogeogr,9,9
paleo,paleogeomorphology,9,12
paleo,paleography,9,13
paleo,paleolimnological,9,9
paleo,paleont,9,9
paleo,paleontologists,9,9
paleo,paleocurrent,8,9
paleo,paleogeografia,8,8
paleo,paleontologie,8,9
paleo,paleoproductivity,8,14
paleo,paleoseismology,8,8
paleo,paleozoique,8,10
paleo,paleobathymetry,7,8
paleo,paleobiogeographic,7,7
paleo,paleocristiano,7,7
paleo,paleogeographical,7,10
paleo,paleografia,7,7
paleo,paleohisp,7,7
paleo,paleontologicos,7,7
paleo,paleosuelos,7,13
paleo,paleotropical,7,8
paleo,paleozoica,7,7
paleo,paleoambientes,6,6
paleo,paleoanthropological,6,6
paleo,paleobiological,6,6
paleo,paleobotanical,6,6
paleo,paleoearthquake,6,6
paleo,paleogeno,6,6
paleo,paleogeographique,6,6
paleo,paleolake,6,7
paleo,paleolatitudes,6,7
paleo,paleontologico,6,8
paleo,paleontologiques,6,6
paleo,paleostress,6,7
paleo,paleotectonic,6,6
paleo,paleotemperatures,6,7
paleo,paleoambiente,5,5
paleo,paleobathymetric,5,5
paleo,paleobiology,5,5
paleo,paleoceno,5,9
paleo,paleoclimatique,5,5
paleo,paleodemographic,5,5
paleo,paleoecologic,5,6
paleo,paleoecologico,5,5
paleo,paleogeographie,5,6
paleo,paleomagn,5,7
paleo,paleontologic,5,9
paleo,paleontologicas,5,6
paleo,paleopatol,5,5
paleo,paleorelief,5,6
paleo,paleosalinity,5,5
paleo,paleostructure,5,8
paleo,paleoaltimetry,4,5
neutral,neutral,5261,7123
neutral,neutralizing,1157,1692
neutral,neutralization,914,1211
neutral,neutrality,419,590
neutral,neutralized,373,427
neutral,neutralize,295,328
neutral,neutralidad,81,114
neutral,neutralisation,70,97
neutral,neutralizes,56,57
neutral,neutrals,53,66
neutral,neutralising,52,69
neutral,neutrally,44,49
neutral,neutralit,26,29
neutral,neutralizar,26,27
neutral,neutralised,23,24
neutral,neutralizer,23,28
neutral,neutralise,21,22
neutral,neutralino,18,25
neutral,neutralizaci,15,15
neutral,neutralizacion,13,14
neutral,neutrales,12,13
neutral,neutralidade,12,14
neutral,neutralite,12,12
neutral,neutrale,10,10
neutral,neutralitat,8,16
neutral,neutralen,7,7
neutral,neutralinos,6,6
neutral,neutraliser,5,6
neutral,neutralizers,5,8
neutral,neutralno,5,5
neutral,neutralises,4,4
neutral,neutraliza,4,4
neutral,neutralizantes,4,7
neutral,neutralizations,4,4
neutral,neutrali,3,3
neutral,neutralis,3,3
neutral,neutralisant,3,3
neutral,neutralisants,3,3
neutral,neutralism,3,3
neutral,neutralita,3,3
neutral,neutralizacao,3,3
neutral,neutralizador,3,3
neutral,neutralizante,3,3
neutral,neutraler,2,2
neutral,neutralisent,2,2
neutral,neutralist,2,2
neutral,neutralitzant,2,5
neutral,neutralizable,2,2
neutral,neutralizacji,2,2
neutral,neutralizadas,2,2
neutral,neutralizado,2,2
neutral,neutralni,2,2
neutral,neutralnosti,2,2
neutral,neutralnym,2,2
neutral,neutralase,1,9
neutral,neutralcellulases,1,1
neutral,neutralicen,1,1
neutral,neutralidadee,1,1
neutral,neutralintegro,1,1
neutral,neutralisanja,1,1
neutral,neutralisantes,1,1
neutral,neutralisations,1,1
neutral,neutralisee,1,1
neutral,neutraliseer,1,1
neutral,neutralisees,1,1
neutral,neutraliserande,1,4
neutral,neutralisiere,1,1
neutral,neutralisieren,1,1
neutral,neutralisierender,1,1
neutral,neutralisierung,1,1
neutral,neutralisti,1,1
neutral,neutralistyczna,1,1
neutral,neutralitats,1,1
neutral,neutralitatsgesetz,1,1
neutral,neutralitatsgesetzes,1,1
neutral,neutralitatsstatus,1,1
neutral,neutraliteit,1,1
neutral,neutraliteten,1,1
neutral,neutralitetsr,1,1
neutral,neutralities,1,2
neutral,neutralitzaci,1,1
neutral,neutralitzen,1,2
neutral,neutralizace,1,1
neutral,neutralizacije,1,1
neutral,neutralizacja,1,1
neutral,neutralizacniho,1,1
neutral,neutralizada,1,1
neutral,neutralizadora,1,1
neutral,neutralizadores,1,1
neutral,neutralizados,1,1
neutral,neutralizaing,1,1
neutral,neutralizarlo,1,1
neutral,neutralizated,1,1
neutral,neutralizaton,1,1
neutral,neutralizesopportunis,1,1
neutral,neutralizingantibodies,1,1
neutral,neutralizingtitre,1,1
neutral,neutrallipid,1,1
neutral,neutralne,1,1
neutral,neutralnih,1,1
meat,meat,2554,5399
meat,meats,144,208
meat,meatus,97,132
meat,meatal,31,48
meat,meatballs,11,25
meat,meaty,10,10
meat,meatball,9,17
meat,meatp,9,22
meat,meatpacking,8,11
meat,meathod,7,7
meat,meatless,4,4
meat,meato,4,4
meat,meath,3,5
meat,meated,2,2
meat,meathods,2,2
meat,meatiness,2,2
meat,meation,2,2
meat,meatmeal,2,2
meat,meatotomy,2,2
meat,meaturing,2,2
meat,meatuses,2,2
meat,meatale,1,1
meat,meatastases,1,1
meat,meatborne,1,1
meat,meatcan,1,1
meat,meatdraw,1,2
meat,meate,1,7
meat,meategiak,1,2
meat,meatens,1,1
meat,meatgrinder,1,1
meat,meathos,1,1
meat,meathouse,1,1
meat,meathures,1,1
meat,meationd,1,1
meat,meationed,1,1
meat,meatmas,1,1
meat,meatness,1,1
meat,meatokitik,1,1
meat,meatomy,1,2
meat,meatoplasty,1,1
meat,meatpackers,1,1
meat,meatsafes,1,1
meat,meatse,1,1
meat,meatspace,1,1
meat,meatstasis,1,1
meat,meatstatic,1,1
meat,meatu,1,1
meat,meature,1,1
meat,meatures,1,1
meat,meatwere,1,1
meat,meatyard,1,19
meat,meatyniny,1,1
manag,management,57911,96677
manag,managing,5070,5789
manag,manage,4700,5127
manag,managed,4090,4719
manag,managers,3920,5758
manag,manager,1812,2457
manag,managerial,1549,2238
manag,manageable,367,374
manag,manages,314,327
manag,managements,264,299
manag,manag,67,70
manag,managment,44,46
manag,manageability,32,38
manag,managerialism,31,43
manag,managemen,28,28
manag,manageriales,26,27
manag,manageriale,21,21
manag,managua,21,29
manag,managen,11,11
manag,managementul,10,10
manag,managemnt,10,10
manag,managemental,9,13
manag,managementsystem,9,9
manag,managementa,7,8
manag,manageriaux,7,7
manag,managament,6,6
manag,managementand,6,6
manag,managementului,6,7
manag,managent,6,6
manag,manageriali,6,6
manag,managem,5,5
manag,manageme,5,5
manag,managerialist,5,5
manag,managerially,5,6
manag,managern,5,5
manag,managementin,4,4
manag,managementof,4,4
manag,managementsysteme,4,4
manag,managementu,4,4
manag,managemet,4,9
manag,managenent,4,4
manag,managable,3,3
manag,managementansatz,3,3
manag,managementis,3,3
manag,managanese,2,10
manag,managee,2,2
manag,managemant,2,2
manag,managemeat,2,2
manag,managementansatzes,2,2
manag,managementaufgabe,2,3
manag,managementcan,2,2
manag,managementconcepts,2,2
manag,managementfor,2,2
manag,managementkonzept,2,5
manag,managementovereenkomst,2,3
manag,managementpositionen,2,2
manag,managementprozess,2,2
manag,managemnet,2,2
manag,managerinnen,2,2
manag,managadze,1,1
manag,managara,1,1
manag,managatuwo,1,1
manag,managcment,1,1
manag,manageably,1,1
manag,manageble,1,1
manag,managedby,1,1
manag,managedhproperly,1,1
manag,managedpollinators,1,2
manag,managedsecurity,1,1
manag,managedto,1,1
manag,manageement,1,1
manag,manageemnt,1,1
manag,managees,1,1
manag,managei,1,1
manag,manageinnen,1,1
manag,managekthem,1,1
manag,managemaent,1,1
manag,managemem,1,1
manag,managemementa,1,1
manag,managemene,1,1
manag,managemenet,1,1
manag,managementabout,1,1
manag,managementaccounting,1,1
manag,managementafter,1,1
manag,managementamong,1,1
manag,managementans,1,2
manag,managementas,1,1
manag,managementat,1,1
manag,managementaufgaben,1,1
manag,managementausbildung,1,1
manag,managementb,1,1
manag,managementbehaviors,1,1
manag,managementby,1,1
manag,managementcode,1,1
manag,managementconcluding,1,1
manag,managementdeals,1,1
manag,managementdenken,1,1
manag,managementdiagnostik,1,1
manag,managementearnings,1,1
manag,managemented,1,1
infrastructure,infrastructure,5057,7156
infrastructure,infrastructures,649,828
infrastructure,infrastructured,2,4
infrastructure,infrastructureis,2,2
infrastructure,infrastructurel,2,2
infrastructure,infrastructurele,2,2
infrastructure,infrastructureless,2,2
infrastructure,infrastructuren,2,3
infrastructure,infrastructurein,1,1
infrastructure,infrastructureintroductionroods,1,1
infrastructure,infrastructurelle,1,3
infrastructure,infrastructurels,1,1
infrastructure,infrastructureof,1,1
industr,industry,20162,32782
industr,industrial,14006,20718
industr,industries,4662,6482
industr,industria,2077,2518
industr,industri,1206,2229
industr,industrialization,1081,1504
industr,industrialized,689,766
industr,industriales,574,656
industr,industrie,512,621
industr,industrias,367,435
industr,industrially,236,252
industr,industrielle,236,265
industr,industriel,196,217
industr,industriels,137,165
industr,industrielles,122,138
industr,industrialised,121,139
industr,industrialisation,119,136
industr,industriais,104,123
industr,industrializaci,98,107
industr,industrializados,81,84
industr,industriale,75,99
industr,industrializacion,59,73
industr,industrials,47,66
industr,industriellen,46,46
industr,industrializacao,43,53
industr,industrializing,38,42
industr,industrialists,32,39
industr,industriali,31,41
industr,industrialism,21,27
industr,industrious,21,21
industr,industrializa,20,20
industr,industrije,20,24
industr,industrializadas,17,17
industr,industrialisierung,14,15
industr,industrialist,14,19
industr,industrialisasi,13,15
industr,industrialize,13,16
industr,industriji,13,16
industr,industrialises,12,13
industr,industrialmente,12,13
industr,industr,11,11
industr,industrializado,11,14
industr,industrialis,10,10
industr,industrializada,10,10
industr,industriell,10,11
industr,industrieller,10,10
industr,industrien,10,12
industr,industrija,10,13
industr,industriegesellschaft,8,8
industr,industriele,8,9
industr,industrieproduktion,8,9
industr,industrieunternehmen,8,13
industr,industrijski,8,8
industr,industrijskih,8,12
industr,industrialitzaci,7,7
industr,industrijske,7,12
industr,industriousness,7,8
industr,industral,6,6
industr,industriepolitik,6,7
industr,industrilization,6,6
industr,industralized,5,6
industr,industrializzazione,5,5
industr,industrienationen,5,6
industr,industrijskim,5,5
industr,industralization,4,5
industr,industriala,4,4
industr,industrialise,4,4
industr,industrialisierten,4,5
industr,industrialitzacio,4,4
industr,industrieel,4,4
industr,industrieumfrage,4,4
industr,industrijskog,4,4
industr,industryin,4,4
industr,industrializzati,3,4
industr,industrical,3,3
industr,industriebetrieb,3,3
industr,industriei,3,3
industr,industrielandern,3,3
industr,industriella,3,4
industr,industriestaaten,3,4
industr,industriestandort,3,3
industr,industriewaren,3,3
industr,industrijska,3,4
industr,industrin,3,3
industr,industriously,3,3
industr,industryuniversity,3,3
industr,industrywide,3,3
industr,industrywith,3,3
industr,industraial,2,2
industr,industrialisering,2,2
industr,industrialisme,2,2
industr,industrialismo,2,2
industr,industrializador,2,2
industr,industrializational,2,2
industr,industrializes,2,2
industr,industrializtion,2,2
industr,industriaren,2,2
industr,industridalam,2,2
industr,industridesigner,2,2
industr,industrieangestellten,2,2
indicator,indicators,8252,11421
indicator,indicator,5436,6481
indicator,indicatori,34,36
indicator,indicatore,9,10
indicator,indicatoren,7,9
indicator,indicatory,4,5
indicator,indicatorsof,3,3
indicator,indicatorilor,2,2
indicator,indicatorsfor,2,2
indicator,indicatorbased,1,1
indicator,indicatord,1,1
indicator,indicatorexponential,1,1
indicator,indicatorgrew,1,1
indicator,indicatorin,1,1
indicator,indicatorof,1,1
indicator,indicatorscover,1,1
indicator,indicatorsderived,1,1
indicator,indicatorsex,1,1
indicator,indicatorsfication,1,1
indicator,indicatorshowing,1,1
indicator,indicatorsin,1,1
indicator,indicatorsmeasuring,1,1
indicator,indicatorsoorten,1,1
indicator,indicatorspertaining,1,1
indicator,indicatorssuch,1,1
indicator,indicatorsystem,1,1
indicator,indicatorthat,1,1
indicator,indicatorthe,1,1
indicator,indicatorx,1,1
ind,induced,52764,84662
ind,indicate,33910,35455
ind,indicated,29766,32583
ind,individual,28491,35924
ind,index,26206,39889
ind,independent,22918,27376
ind,industry,20162,32782
ind,individuals,19630,27176
ind,indicating,14090,15110
ind,industrial,14006,20718
ind,indicates,13669,14220
ind,induction,11309,16438
ind,induce,10853,12237
ind,india,8322,12936
ind,indicators,8252,11421
ind,indonesia,6616,12667
ind,indices,5930,8539
ind,indirect,5585,6991
ind,independently,5509,5833
ind,induces,5486,5991
ind,indicator,5436,6481
ind,indeed,5015,5247
ind,indian,4891,7142
ind,industries,4662,6482
ind,inducing,4566,5156
ind,indexes,3878,5385
ind,indications,3575,4114
ind,independence,3028,4038
ind,indication,3012,3309
ind,inducible,2410,2886
ind,indigenous,2344,4000
ind,individually,2329,2471
ind,indirectly,2274,2395
ind,industria,2077,2518
ind,indoor,1989,3475
ind,indispensable,1846,1895
ind,indicative,1765,1854
ind,individualized,1550,1841
ind,ind,1465,2142
ind,indica,1345,2025
ind,indicadores,1298,1862
ind,industri,1206,2229
ind,indonesian,1131,1783
ind,individuos,1098,1469
ind,industrialization,1081,1504
ind,indice,1054,1496
ind,inductive,964,1180
ind,indole,804,1157
ind,independencia,754,881
ind,indistinguishable,749,778
ind,indomethacin,729,1416
ind,inducer,718,882
ind,individuo,713,826
ind,industrialized,689,766
ind,individu,659,910
ind,inductively,641,724
ind,indiana,639,909
ind,inde,597,742
ind,indican,594,626
ind,indo,586,816
ind,industriales,574,656
ind,indikator,553,861
ind,indium,529,742
ind,indexing,514,701
ind,industrie,512,621
ind,indians,509,737
ind,indexed,463,548
ind,indeks,440,811
ind,independiente,426,486
ind,individuales,417,456
ind,inducers,397,505
ind,individuality,370,435
ind,industrias,367,435
ind,indeterminate,363,451
ind,indicador,349,407
ind,indwelling,305,516
ind,individualism,295,364
ind,independen,281,374
ind,indefinite,278,335
ind,individus,263,356
ind,inductance,262,449
ind,independientes,257,291
ind,indentation,255,443
ind,indigenas,255,371
ind,indolent,253,292
ind,indagar,252,258
ind,individualization,251,337
ind,indicam,248,259
ind,indias,245,285
ind,industrially,236,252
ind,industrielle,236,265
ind,indagine,229,251
ind,indicando,229,237
ind,indicaciones,222,249
ind,individuelle,222,245
ind,indifferent,220,235
ind,inductor,218,319
ind,indiv,216,277
ind,induit,198,229
ind,industriel,196,217
hydrofluorocarbon,hydrofluorocarbons,9,9
hydrofluorocarbon,hydrofluorocarbon,8,8
hydrofluorocarbon,hydrofluorocarbones,1,1
hydroclim,hydroclimatic,23,27
hydroclim,hydroclimate,18,20
hydroclim,hydroclimatological,6,6
hydroclim,hydroclimatiques,3,3
hydroclim,hydroclimat,1,1
hydroclim,hydroclimatalogical,1,1
hydroclim,hydroclimatical,1,1
hydroclim,hydroclimatologiques,1,1
hydroclim,hydroclimatology,1,1
hurricane,hurricane,313,492
hurricane,hurricanes,101,141
hurricane,hurricanekatrina,1,1
hfc,hfc,111,260
hfc,hfcs,23,50
hfc,hfcl,9,24
hfc,hfcvd,7,11
hfc,hfcc,3,15
hfc,hfcd,3,7
hfc,hfce,2,5
hfc,hfcrn,2,8
hfc,hfccs,1,7
hfc,hfcdus,1,4
hfc,hfcg,1,1
hfc,hfcgammari,1,5
hfc,hfch,1,4
hfc,hfchd,1,4
hfc,hfchdf,1,1
hfc,hfcls,1,1
hfc,hfcm,1,6
hfc,hfcn,1,4
hfc,hfco,1,1
hfc,hfcpb,1,2
hfc,hfcpo,1,1
hfc,hfcsa,1,5
hfc,hfcv,1,2
hfc,hfcwo,1,4
hfc,hfcyri,1,1
hfc,hfcz,1,6
heatwave,heatwaves,24,32
heatwave,heatwave,21,38
halogen,halogen,328,487
halogen,halogenated,192,260
halogen,halogens,50,60
halogen,halogenation,39,50
halogen,halogeno,9,9
halogen,halogenating,8,10
halogen,halogenes,8,11
halogen,halogenados,4,4
halogen,halogenases,4,8
halogen,halogenide,4,4
halogen,halogenure,4,4
halogen,halogenures,4,4
halogen,halogenase,3,6
halogen,halogenate,3,3
halogen,halogenides,3,3
halogen,halogenations,2,2
halogen,halogene,2,4
halogen,halogenowych,2,2
halogen,halogenada,1,1
halogen,halogenadas,1,1
halogen,halogenado,1,1
halogen,halogenalkoxy,1,1
halogen,halogenami,1,1
halogen,halogenats,1,1
halogen,halogenchromones,1,1
halogen,halogencyclization,1,1
halogen,halogenees,1,1
halogen,halogener,1,1
halogen,halogeneto,1,1
halogen,halogenetos,1,1
halogen,halogenfreien,1,1
halogen,halogenic,1,1
halogen,halogenido,1,2
halogen,halogenidol,1,1
halogen,halogenids,1,1
halogen,halogenleuchte,1,1
halogen,halogenno,1,3
halogen,halogenoacetylcholines,1,1
halogen,halogenoacrylamido,1,1
halogen,halogenoarylmethylene,1,1
halogen,halogenobenzenes,1,1
halogen,halogenofuranderivados,1,1
halogen,halogenoimino,1,1
halogen,halogenomagnesium,1,1
halogen,halogenomethanes,1,1
halogen,halogenomethyl,1,1
halogen,halogenophenols,1,1
halogen,halogenopodophyllotoxin,1,1
halogen,halogenopyridinecarbox,1,2
halogen,halogenos,1,1
halogen,halogenouracile,1,1
halogen,halogensauerstoffs,1,1
gas,gas,19495,36113
gas,gastric,5704,14863
gas,gastrointestinal,5186,7465
gas,gases,2514,3268
gas,gaseous,995,1285
gas,gasoline,709,1376
gas,gastritis,569,1208
gas,gastrectomy,554,981
gas,gasification,520,996
gas,gasto,494,710
gas,gastro,472,605
gas,gastroenteritis,439,629
gas,gastroesophageal,403,589
gas,gastos,388,484
gas,gastrocnemius,377,578
gas,gastrin,281,703
gas,gastroenterology,250,304
gas,gastroduodenal,178,272
gas,gastroscopy,163,312
gas,gastrostomy,131,225
gas,gastropoda,130,169
gas,gastrulation,123,177
gas,gasset,105,125
gas,gastroenterologists,102,125
gas,gaston,93,106
gas,gaspar,91,95
gas,gasifier,86,158
gas,gastropods,85,117
gas,gastropod,76,100
gas,gasb,73,132
gas,gastroparesis,68,150
gas,gastronom,66,66
gas,gastroenterol,60,63
gas,gastrula,59,82
gas,gastroprotective,53,74
gas,gasolina,52,72
gas,gastroschisis,52,92
gas,gastroenterological,47,56
gas,gastrointestinales,46,62
gas,gasp,45,82
gas,gasket,44,66
gas,gastroscope,44,91
gas,gasdermin,43,57
gas,gastronomia,43,55
gas,gastaut,40,44
gas,gastroenterologist,40,41
gas,gast,38,52
gas,gastropathy,38,59
gas,gastron,37,42
gas,gase,36,60
gas,gasteiz,34,40
gas,gasping,32,50
gas,gasses,32,37
gas,gastroenteric,32,42
gas,gaster,31,43
gas,gastrodia,31,52
gas,gastrojejunostomy,30,52
gas,gastrica,29,35
gas,gastroepiploic,29,33
gas,gastronomy,28,43
gas,gastroscopic,28,40
gas,gasseri,27,48
gas,gasifiers,26,29
gas,gasterosteus,26,29
gas,gastrique,26,32
gas,gastroenteropancreatic,26,31
gas,gasa,25,62
gas,gaskell,25,52
gas,gaskets,25,33
gas,gastronomic,25,32
gas,gasdynamic,24,29
gas,gassing,24,32
gas,gasified,23,26
gas,gass,23,43
gas,gastrico,21,26
gas,gastrinoma,21,39
gas,gastrodin,21,75
gas,gastroplasty,20,32
gas,gaseosas,19,24
gas,gasotransmitter,19,20
gas,gastroduodenitis,19,32
gas,gaseosa,18,21
gas,gasfield,18,34
gas,gastrocolic,18,31
gas,gasta,17,22
gas,gastrectomies,17,24
gas,gastrinomas,17,42
gas,gastroenterolog,17,17
gas,gascon,16,23
gas,gasosa,16,19
gas,gastroesof,16,16
gas,gastrointest,16,16
gas,gastroprotection,16,22
gas,gaspard,15,15
gas,gastic,15,16
gas,gascogne,14,21
gas,gasohol,14,35
gas,gasoil,14,22
gas,gasser,14,17
gas,gasserian,14,22
fuel,fuel,6794,11997
fuel,fuels,1517,2093
fuel,fueled,389,446
fuel,fuelled,126,150
fuel,fueling,110,135
fuel,fuelling,43,50
fuel,fuelwood,42,75
fuel,fuelle,8,8
fuel,fuelconsumption,5,6
fuel,fueller,4,5
fuel,fueland,2,2
fuel,fuelcell,2,2
fuel,fuelleborni,2,3
fuel,fueloil,2,3
fuel,fuelbeds,1,1
fuel,fuelbreaks,1,1
fuel,fuelburn,1,1
fuel,fuelcyc,1,3
fuel,fueld,1,1
fuel,fueler,1,2
fuel,fuelers,1,1
fuel,fuelfighter,1,1
fuel,fuelguard,1,1
fuel,fuelinjection,1,1
fuel,fuelldraht,1,1
fuel,fuelldrahtelektroden,1,1
fuel,fuellen,1,1
fuel,fuellerfreien,1,1
fuel,fuellergehalt,1,1
fuel,fuellerpruefungen,1,1
fuel,fuellmich,1,1
fuel,fuellstoffen,1,1
fuel,fuellung,1,1
fuel,fuellungsgrade,1,2
fuel,fuelmix,1,1
fuel,fuelmore,1,1
fuel,fuelratio,1,1
fuel,fuelrecycling,1,1
fuel,fuelrepresent,1,1
fuel,fuelsavings,1,1
fuel,fuelsteam,1,1
fuel,fuelstreatments,1,1
fuel,fuelwise,1,1
fuel,fuelwuod,1,1
flood,flood,1778,3962
flood,flooding,969,1694
flood,floods,494,734
flood,flooded,274,434
flood,floodplain,203,356
flood,floodplains,65,86
flood,floodwater,28,50
flood,floodgate,9,13
flood,floodgates,9,16
flood,floodwaters,5,6
flood,floodwalls,4,4
flood,floodability,3,4
flood,floodlight,3,3
flood,floodway,2,3
flood,floody,2,3
flood,floodand,1,1
flood,floodbased,1,1
flood,floodcalc,1,1
flood,floodfill,1,3
flood,floodflow,1,1
flood,floodfront,1,1
flood,floodhazard,1,1
flood,floodingbased,1,1
flood,floodings,1,1
flood,floodkey,1,1
flood,floodland,1,1
flood,floodlands,1,1
flood,floodlights,1,1
flood,floodlit,1,1
flood,floodouts,1,1
flood,floodplained,1,1
flood,floodproofing,1,1
flood,floodrecession,1,1
flood,floodrisk,1,1
flood,floodsing,1,1
flood,floodwall,1,1
flood,floodwave,1,1
fire,fire,3494,7412
fire,fired,793,1136
fire,fires,585,879
fire,firenze,142,163
fire,firewall,135,281
fire,firefighters,125,254
fire,firearms,120,198
fire,firefly,119,170
fire,firearm,118,264
fire,firewood,66,90
fire,firefighting,56,98
fire,fireball,54,65
fire,fireworks,54,91
fire,firefighter,41,52
fire,firewalls,41,71
fire,firefox,34,39
fire,firemen,30,39
fire,fireballs,29,39
fire,fireplace,28,34
fire,firepower,28,52
fire,fireproof,26,47
fire,firestone,18,20
fire,firework,17,19
fire,fireside,16,16
fire,firebird,14,20
fire,fireproofing,14,28
fire,firex,14,14
fire,firebase,12,14
fire,fireflies,11,23
fire,fireman,11,13
fire,firedamp,10,19
fire,firestorm,9,9
fire,firent,8,8
fire,firecrackers,7,7
fire,firem,7,7
fire,firewire,7,8
fire,firebox,6,8
fire,fireclay,6,13
fire,fireplaces,6,7
fire,firebrand,5,14
fire,firecracker,5,11
fire,firehouse,5,7
fire,fireweed,5,12
fire,firebug,4,4
fire,firehose,4,4
fire,firesetters,4,5
fire,firesetting,4,23
fire,firestarter,3,3
fire,firetube,3,4
fire,firey,3,3
fire,firebombing,2,2
fire,firebrands,2,3
fire,firebrats,2,4
fire,firebreak,2,2
fire,firebrick,2,3
fire,firebricks,2,3
fire,firebugs,2,4
fire,fireeye,2,2
fire,firefight,2,2
fire,firefinches,2,9
fire,fireground,2,3
fire,firehole,2,2
fire,firemaster,2,2
fire,firemn,2,2
fire,firend,2,2
fire,firentinac,2,2
fire,firenza,2,2
fire,firesale,2,3
fire,firescholars,2,2
fire,firest,2,3
fire,firestein,2,3
fire,firea,1,1
fire,fireagreement,1,1
fire,firebag,1,1
fire,firebaugh,1,1
fire,firebeard,1,4
fire,firebell,1,1
fire,fireblight,1,1
fire,fireboat,1,1
fire,fireboxes,1,3
fire,firebrat,1,3
fire,firebreaks,1,1
fire,firebush,1,1
fire,firecarcker,1,2
fire,firecausing,1,1
fire,firecol,1,4
fire,firedamps,1,2
fire,firedavid,1,1
fire,firedetecting,1,1
fire,firedird,1,1
fire,firee,1,1
fire,fireface,1,2
fire,firefighers,1,1
fire,firefighing,1,1
fire,firefightresses,1,1
fire,firefinch,1,1
fire,fireflood,1,4
fire,fireflooding,1,1
fire,firefloods,1,1
fire,firefront,1,1
filter,filter,5539,9988
filter,filtering,2284,3356
filter,filters,1945,2946
filter,filtered,973,1162
filter,filterability,16,28
filter,filterable,16,24
filter,filterbank,13,16
filter,filteration,6,8
filter,filtergrams,4,4
filter,filterings,4,5
filter,filterisasi,4,4
filter,filterbanks,3,7
filter,filterwire,3,3
filter,filterende,2,2
filter,filterers,2,2
filter,filterin,2,2
filter,filterless,2,2
filter,filternya,2,3
filter,filterproben,2,2
filter,filtersets,2,8
filter,filterung,2,2
filter,filtera,1,2
filter,filteradaptive,1,1
filter,filteraid,1,4
filter,filterand,1,1
filter,filterantenna,1,1
filter,filteras,1,1
filter,filterat,1,1
filter,filterated,1,1
filter,filterates,1,1
filter,filterbefore,1,1
filter,filtercad,1,2
filter,filtercake,1,1
filter,filteredclarified,1,1
filter,filteren,1,1
filter,filterfestigkeit,1,1
filter,filtergetrocknetem,1,1
filter,filtergewebe,1,1
filter,filterglazen,1,1
filter,filtergram,1,1
filter,filterhilfe,1,7
filter,filteringand,1,1
filter,filteringprocesses,1,1
filter,filteringregression,1,1
filter,filteringscheme,1,1
filter,filteringtechnique,1,1
filter,filteris,1,1
filter,filterite,1,3
filter,filterkeeps,1,1
filter,filterkriterien,1,1
filter,filtermatten,1,1
filter,filtern,1,3
filter,filternet,1,1
filter,filterno,1,1
filter,filterpaper,1,2
filter,filterpave,1,1
filter,filterperformed,1,1
filter,filterquerying,1,1
filter,filtersa,1,1
filter,filterschicht,1,1
filter,filtersdid,1,1
filter,filterset,1,1
filter,filtersfor,1,1
filter,filtersim,1,1
filter,filtersketch,1,4
filter,filterspaces,1,1
filter,filtersproficiency,1,1
filter,filterssine,1,1
filter,filterstabilitaet,1,3
filter,filtersystem,1,1
filter,filterthe,1,1
filter,filtertransmitting,1,1
filter,filterverfahren,1,1
filter,filterwheel,1,1
filter,filterwidth,1,1
filter,filterwidths,1,1
filter,filterwirkung,1,1
fertilizer,fertilizer,2082,5009
fertilizer,fertilizers,933,1561
fertilizer,fertilizering,3,7
fertilizer,fertilizera,1,1
fertilizer,fertilizeraccording,1,1
fertilizer,fertilizeramide,1,1
fertilizer,fertilizerammonium,1,1
fertilizer,fertilizerand,1,1
fertilizer,fertilizerbiocontrol,1,1
fertilizer,fertilizercalcium,1,1
fertilizer,fertilizercontrolled,1,2
fertilizer,fertilizerhopper,1,1
fertilizer,fertilizerk,1,1
fertilizer,fertilizernitrate,1,2
fertilizer,fertilizerp,1,1
fertilizer,fertilizerphosphate,1,1
fertilizer,fertilizersepiolite,1,1
fertilizer,fertilizerso,1,1
factor,factors,72354,106661
factor,factor,50107,69068
factor,factores,3213,4486
factor,factorial,1437,1658
factor,factory,1304,1771
factor,factories,519,646
factor,factorization,366,505
factor,factoring,131,203
factor,factored,78,94
factor,factoren,61,81
factor,factorized,38,54
factor,factorisation,26,33
factor,factorizations,26,36
factor,factoriales,23,27
factor,factoria,18,19
factor,factorially,18,19
factor,factorielle,17,22
factor,factorizacion,9,12
factor,factorials,7,9
factor,factorielles,7,8
factor,factorias,6,6
factor,factorize,6,6
factor,factorizaci,5,5
factor,factorsof,5,5
factor,factorilor,4,4
factor,factorin,4,4
factor,factorizable,4,4
factor,factorizing,4,5
factor,factorsand,4,4
factor,factorswhich,4,4
factor,factorable,3,3
factor,factoranalysis,3,3
factor,factore,3,3
factor,factoresde,3,3
factor,factorii,3,3
factor,factorizes,3,3
factor,factorsaffecting,3,3
factor,factorsin,3,3
factor,factoral,2,2
factor,factoralpha,2,2
factor,factorand,2,2
factor,factori,2,2
factor,factorialdesign,2,2
factor,factorizability,2,2
factor,factorof,2,2
factor,factorsare,2,2
factor,factorsrelated,2,2
factor,factorssuch,2,2
factor,factorsthat,2,2
factor,factorytalk,2,3
factor,factorzation,2,2
factor,factora,1,1
factor,factorability,1,1
factor,factoraffecting,1,1
factor,factoraffects,1,1
factor,factorafter,1,1
factor,factorally,1,1
factor,factoranalyzed,1,1
factor,factorandexpression,1,1
factor,factorberbasis,1,1
factor,factorbetal,1,1
factor,factorc,1,1
factor,factorchapter,1,1
factor,factorcounselling,1,2
factor,factorctos,1,1
factor,factord,1,1
factor,factorde,1,1
factor,factoreceptor,1,1
factor,factorenmodel,1,1
factor,factoresexplicativos,1,1
factor,factorextractive,1,1
factor,factorforchildren,1,1
factor,factorialconsisting,1,1
factor,factorialexperiment,1,1
factor,factoriel,1,1
factor,factoriels,1,1
factor,factorij,1,1
factor,factorily,1,1
factor,factorindeterminingcorporateperformance,1,1
factor,factorinduced,1,1
factor,factorings,1,1
factor,factoringul,1,1
factor,factorintelligence,1,1
factor,factorisable,1,1
factor,factorisations,1,1
factor,factorising,1,1
factor,factoritzacio,1,1
factor,factorizables,1,1
factor,factorizan,1,1
factor,factorizar,1,1
factor,factorizati,1,1
factor,factorizationkalman,1,1
factor,factorizationof,1,1
factor,factorjustification,1,1
factor,factork,1,1
factor,factorkappa,1,1
factor,factorkappab,1,1
factor,factorl,1,1
factor,factormax,1,1
factor,factormicrothat,1,1
event,events,17613,24099
event,event,9815,13118
event,eventually,3535,3625
event,eventual,882,927
event,eventos,661,860
event,evento,467,598
event,eventualmente,75,75
event,eventuelle,64,66
event,eventuellement,50,52
event,eventi,44,50
event,eventhough,33,33
event,eventuales,33,33
event,eventful,31,33
event,eventuel,30,31
event,eventuell,30,31
event,eventuelles,26,26
event,eventuais,25,25
event,eventuele,20,21
event,eventail,19,19
event,eventuality,18,18
event,eventuels,18,19
event,eventration,16,32
event,eventuale,16,19
event,eventuali,15,16
event,eventuelt,15,16
event,eventualidad,12,12
event,eventueel,12,13
event,eventuate,9,9
event,eventuella,9,12
event,eventualite,7,7
event,eventuates,7,7
event,eventualities,6,6
event,eventualne,6,7
event,eventuated,6,6
event,eventive,5,5
event,eventualidades,5,5
event,eventdriven,4,4
event,eventing,4,8
event,eventrations,4,5
event,eventuating,4,4
event,eventyr,4,4
event,eventraci,3,3
event,eventualnim,3,3
event,eventuellen,3,3
event,eventuellt,3,3
event,eventbrite,2,3
event,evented,2,2
event,eventhoug,2,2
event,eventmarketing,2,3
event,eventological,2,2
event,eventracion,2,6
event,eventrated,2,2
event,eventualita,2,3
event,eventualization,2,2
event,eventualni,2,2
event,eventualnih,2,2
event,eventualno,2,2
event,eventuals,2,2
event,eventa,1,1
event,evental,1,1
event,eventally,1,1
event,eventalmente,1,1
event,eventbased,1,1
event,eventcondition,1,1
event,eventcsp,1,1
event,eventdetection,1,1
event,evente,1,1
event,eventexpo,1,1
event,eventflow,1,2
event,eventfully,1,1
event,eventfulness,1,1
event,eventgraph,1,1
event,eventhoughthere,1,1
event,eventiada,1,1
event,eventid,1,1
event,eventide,1,1
event,eventisl,1,3
event,eventiva,1,7
event,eventivas,1,1
event,eventividad,1,3
event,eventivity,1,1
event,eventkultur,1,3
event,eventlhe,1,1
event,eventlog,1,3
event,evently,1,1
event,eventmanagement,1,1
event,eventologic,1,1
event,eventology,1,2
event,eventostratigraphic,1,2
event,eventowych,1,1
event,eventqual,1,1
event,eventqueue,1,1
event,eventraciones,1,1
event,eventroplastia,1,1
event,eventsbeyond,1,1
event,eventscapes,1,1
event,eventsegmentation,1,1
event,eventselections,1,1
event,eventsfrom,1,1
event,eventsii,1,1
emission,emission,9349,14622
emission,emissions,3903,7579
emission,emissionen,39,65
emission,emissione,14,16
emission,emissioni,12,13
emission,emissionshandel,8,12
emission,emissionsfaktoren,4,12
emission,emissionsminderung,3,4
emission,emissionsverhalten,3,5
emission,emissionswerte,3,5
emission,emissionsarme,2,2
emission,emissionshandels,2,3
emission,emissionshandelssystem,2,4
emission,emissionshandelssystems,2,2
emission,emissionsmessungen,2,2
emission,emissionsmore,2,2
emission,emissionsreduzierung,2,3
emission,emissiona,1,1
emission,emissionabsorption,1,1
emission,emissionanalysis,1,1
emission,emissioner,1,1
emission,emissionsabnahme,1,1
emission,emissionsanforderungen,1,1
emission,emissionsarm,1,1
emission,emissionsausstos,1,1
emission,emissionsb,1,1
emission,emissionsbeitr,1,1
emission,emissionsbezogene,1,2
emission,emissionsbezogenen,1,1
emission,emissionscompared,1,1
emission,emissionsd,1,1
emission,emissionsdecreased,1,1
emission,emissionseinsparungen,1,1
emission,emissionsfaktor,1,1
emission,emissionsgrenzen,1,1
emission,emissionsgrenzwerte,1,1
emission,emissionshandelsgesetz,1,1
emission,emissionshandelsrichtlinie,1,1
emission,emissionsintensit,1,1
emission,emissionsinventar,1,1
emission,emissionskoeffizient,1,1
emission,emissionslinienstern,1,1
emission,emissionslow,1,1
emission,emissionsm,1,1
emission,emissionsmengen,1,1
emission,emissionsminderungsaspekten,1,1
emission,emissionsminderungspotenzial,1,1
emission,emissionsof,1,1
emission,emissionsoptimierte,1,1
emission,emissionsprufungen,1,1
emission,emissionsquellen,1,1
emission,emissionsrechte,1,1
emission,emissionsrechtemarkt,1,1
emission,emissionsrechten,1,1
emission,emissionsreduktionen,1,1
emission,emissionsrichtlinie,1,1
emission,emissionsseitigen,1,1
emission,emissionsspezifischen,1,1
emission,emissionssteigernden,1,1
emission,emissionsvergleich,1,1
emission,emissionsvorteilen,1,1
emission,emissionswill,1,1
emission,emissionszertifikaten,1,1
emission,emissiontomography,1,1
emission,emissionunder,1,1
efficien,efficiency,31422,44217
efficien,efficient,22460,25813
efficien,efficiently,6524,6862
efficien,efficiencies,1695,2097
efficien,efficience,67,74
efficien,efficienza,41,51
efficien,efficiente,30,33
efficien,efficients,17,17
efficien,efficientnet,11,15
efficien,efficienti,9,11
efficien,efficien,6,6
efficien,efficientie,6,7
efficien,efficienct,5,6
efficien,efficieney,5,5
efficien,efficiences,4,5
efficien,efficienc,3,3
efficien,efficienter,3,3
efficien,efficienty,3,3
efficien,efficieny,3,3
efficien,efficiencyin,2,2
efficien,efficientcy,2,2
efficien,efficientere,2,2
efficien,efficientin,2,2
efficien,efficientnetb,2,4
efficien,efficientnets,2,2
efficien,efficienci,1,1
efficien,efficiencily,1,1
efficien,efficiencv,1,1
efficien,efficiencya,1,1
efficien,efficiencyafter,1,1
efficien,efficiencyand,1,1
efficien,efficiencybendora,1,1
efficien,efficiencyenhancing,1,1
efficien,efficiencyequals,1,1
efficien,efficiencyfor,1,1
efficien,efficiencyis,1,1
efficien,efficiencylosses,1,1
efficien,efficiencyly,1,1
efficien,efficiencyof,1,1
efficien,efficiencyofcrop,1,1
efficien,efficiencyon,1,1
efficien,efficiencypressure,1,1
efficien,efficiencyratio,1,1
efficien,efficiencyreached,1,1
efficien,efficiencyresearch,1,1
efficien,efficiencyseeking,1,1
efficien,efficiencyverbeteringen,1,1
efficien,efficiendy,1,1
efficien,efficienency,1,2
efficien,efficienly,1,1
efficien,efficientalgorithm,1,1
efficien,efficientallocation,1,1
efficien,efficientauthentication,1,1
efficien,efficientbuildings,1,1
efficien,efficientcooking,1,1
efficien,efficientdet,1,2
efficien,efficientes,1,1
efficien,efficientfirms,1,2
efficien,efficientfor,1,1
efficien,efficientismo,1,1
efficien,efficientist,1,1
efficien,efficientizzazione,1,1
efficien,efficientlu,1,1
efficien,efficientlyand,1,1
efficien,efficientlybut,1,1
efficien,efficientlyincreas,1,1
efficien,efficientlymycobacterium,1,1
efficien,efficientlyof,1,1
efficien,efficientness,1,1
efficien,efficientnumerical,1,1
efficien,efficienton,1,1
efficien,efficientoutcome,1,1
efficien,efficientrepbipan,1,1
efficien,efficientsubstitutes,1,1
efficien,efficientyl,1,1
effect,effect,119960,173160
effect,effects,101045,142825
effect,effective,61778,73171
effect,effectiveness,18375,22599
effect,effectively,17789,18791
effect,effector,1998,2729
effect,effected,710,752
effect,effectors,708,891
effect,effecting,357,380
effect,effectue,200,208
effect,effectivity,179,230
effect,effectuee,164,172
effect,effectuees,132,137
effect,effecten,107,140
effect,effectual,107,126
effect,effectuer,103,107
effect,effectu,102,109
effect,effection,101,113
effect,effectues,89,92
effect,effectif,63,66
effect,effectivement,55,61
effect,effectually,49,50
effect,effectifs,48,59
effect,effectiviteit,46,52
effect,effectuate,39,40
effect,effectives,37,40
effect,effectief,31,33
effect,effectuation,27,40
effect,effectof,23,23
effect,effecton,23,24
effect,effectivness,18,19
effect,effectuated,18,22
effect,effectieve,17,21
effect,effecteurs,16,20
effect,effectivenes,16,18
effect,effectuent,16,16
effect,effectuant,13,13
effect,effectsof,12,12
effect,effectivite,11,13
effect,effectuating,11,11
effect,effectiever,10,10
effect,effecti,8,8
effect,effectivenessof,8,8
effect,effecter,7,8
effect,effections,7,7
effect,effectly,7,8
effect,effectuons,7,7
effect,effectiv,6,6
effect,effectivit,6,6
effect,effectrices,5,5
effect,effectson,5,5
effect,effectievere,4,4
effect,effectivly,4,4
effect,effectuates,4,4
effect,effectve,4,4
effect,effectand,3,3
effect,effecte,3,3
effect,effectes,3,3
effect,effecteur,3,3
effect,effectiely,3,3
effect,effectin,3,3
effect,effectire,3,3
effect,effectivelly,3,3
effect,effectivenss,3,3
effect,effectiviness,3,3
effect,effectivities,3,3
effect,effectrice,3,3
effect,effectt,3,3
effect,effectua,3,3
effect,effectwas,3,3
effect,effecta,2,2
effect,effectance,2,3
effect,effectenleaseovereenkomsten,2,2
effect,effectevaluatie,2,2
effect,effectful,2,2
effect,effectifity,2,2
effect,effectine,2,2
effect,effectireness,2,2
effect,effectis,2,2
effect,effectivecommunication,2,2
effect,effectiveneness,2,2
effect,effectiveway,2,2
effect,effectivley,2,2
effect,effectmeting,2,2
effect,effectmore,2,2
effect,effectness,2,2
effect,effecto,2,2
effect,effectome,2,3
effect,effectory,2,3
effect,effectsdue,2,2
effect,effectsin,2,2
effect,effectto,2,2
effect,effectuait,2,2
effect,effectuerait,2,3
effect,effectuerons,2,2
effect,effectus,2,2
effect,effectvaries,2,2
effect,effectagainst,1,1
effect,effectal,1,1
effect,effectcaused,1,1
drought,drought,1955,5079
drought,droughts,197,283
drought,droughty,12,14
drought,droughted,1,2
drought,droughtindex,1,2
drought,droughting,1,1
drought,droughtly,1,1
drought,droughtness,1,1
drought,droughtproofing,1,1
drought,droughtresistant,1,1
drought,droughtstresswere,1,1
drought,droughtstricken,1,1
drought,droughtyexasperation,1,1
drought,droughtytrend,1,1
disaster,disaster,2048,3931
disaster,disasters,1112,1822
disaster,disastermanagement,2,3
disaster,disastercycle,1,1
disaster,disasterin,1,1
disaster,disasterof,1,1
disaster,disasterous,1,1
disaster,disasterprevention,1,1
disaster,disasterproof,1,1
decarb,decarboxylase,543,746
decarb,decarboxylation,182,242
decarb,decarbonization,45,69
decarb,decarboxylative,35,43
decarb,decarburization,26,56
decarb,decarboxylated,25,28
decarb,decarbonisation,19,27
decarb,decarbonylation,13,16
decarb,decarboxylases,13,17
decarb,decarbonizing,10,13
decarb,decarboxylating,10,13
decarb,decarbonized,8,10
decarb,decarboxylations,8,10
decarb,decarbonize,7,8
decarb,decarburizing,6,7
decarb,decarburized,5,7
decarb,decarbonation,4,4
decarb,decarbonylative,4,5
decarb,decarboxilase,4,4
decarb,decarbamoyl,3,4
decarb,decarbonated,3,3
decarb,decarbonise,3,3
decarb,decarbonylase,3,6
decarb,decarboxylate,3,3
decarb,decarbonatation,2,2
decarb,decarboxilasa,2,2
decarb,decarboxylates,2,2
decarb,decarbamoylsaxitoxin,1,1
decarb,decarbit,1,1
decarb,decarbonification,1,1
decarb,decarbonising,1,1
decarb,decarbonizes,1,1
decarb,decarbonizzazione,1,1
decarb,decarbonxylation,1,1
decarb,decarboxilated,1,1
decarb,decarboxy,1,1
decarb,decarboxycitrinin,1,1
decarb,decarboxyfactor,1,1
decarb,decarboxylas,1,1
decarb,decarbuization,1,1
decarb,decarbur,1,1
decarb,decarburisation,1,1
decarb,decarburizer,1,1
decarb,decarburzing,1,1
cyclone,cyclone,360,602
cyclone,cyclones,180,269
cyclone,cycloneii,4,4
cyclone,cycloneda,3,4
cyclone,cyclonephelium,1,2
cyclone,cyclonerane,1,1
control,control,103100,180637
control,controlled,18854,22262
control,controls,16481,24228
control,controlling,9825,11319
control,controller,3533,6648
control,controle,1623,2437
control,controllable,922,1096
control,controllers,818,1211
control,controlar,450,476
control,controles,398,534
control,controllability,291,388
control,controllo,203,249
control,controlado,172,194
control,controlada,150,170
control,controling,114,121
control,controled,111,119
control,controlados,99,117
control,controler,79,79
control,controlador,74,102
control,controlee,63,70
control,controlo,63,71
control,controladas,58,64
control,controll,55,59
control,controla,49,51
control,controladores,45,57
control,controlando,44,46
control,controllably,44,44
control,controlan,37,39
control,controlli,34,37
control,controlees,28,29
control,controlgroup,20,20
control,controllingu,20,20
control,controlant,18,21
control,controlable,15,16
control,controladoria,13,43
control,controlent,13,14
control,controlables,12,12
control,controlateral,12,13
control,controllare,12,12
control,controllata,10,10
control,controlen,9,10
control,controleren,9,9
control,controllato,9,9
control,controlof,9,9
control,controlaron,8,8
control,controlarse,8,8
control,controleur,8,13
control,controlls,8,9
control,controllati,7,9
control,controlait,6,6
control,controlam,6,6
control,controleurs,6,8
control,controllor,6,8
control,controllership,5,11
control,controlabilidad,4,6
control,controlades,4,4
control,controlat,4,5
control,controlegroep,4,6
control,controllate,4,4
control,controllogix,4,4
control,controladora,3,3
control,controlamos,3,3
control,controland,3,3
control,controlaria,3,3
control,controlarlo,3,3
control,controlarlos,3,3
control,controlem,3,3
control,controlla,3,3
control,controlle,3,3
control,controllori,3,3
control,controlmeasures,3,3
control,controlment,3,4
control,controlnet,3,4
control,controlos,3,3
control,controlsystem,3,3
control,controlaba,2,2
control,controlaban,2,2
control,controlabilidade,2,2
control,controlabilite,2,2
control,controladoras,2,2
control,controlandose,2,2
control,controlara,2,2
control,controlarla,2,2
control,controlats,2,2
control,controlavel,2,2
control,controlcore,2,2
control,controleraient,2,2
control,controlers,2,2
control,controlimiti,2,2
control,controllando,2,2
control,controllel,2,2
control,controllingowy,2,2
control,controllings,2,2
control,controlons,2,2
control,controlprogram,2,2
control,controlthe,2,2
control,controluce,2,2
control,controlabeis,1,1
control,controladosmediante,1,1
control,controlaient,1,1
consum,consumption,13688,22398
consum,consumer,5216,8460
consum,consumers,4299,7131
consum,consuming,2728,2986
consum,consumo,2365,3507
consum,consumed,2182,2630
consum,consume,973,1121
consum,consumidores,667,851
consum,consumidor,621,806
consum,consumes,306,320
consum,consumerism,153,187
consum,consumptions,129,145
consum,consummate,117,123
consum,consumptive,96,140
consum,consum,86,142
consum,consumen,76,91
consum,consumir,75,78
consum,consummation,70,75
consum,consumable,65,85
consum,consumidos,54,63
consum,consumos,54,62
consum,consumables,51,59
consum,consumida,51,58
consum,consummating,48,48
consum,consumi,45,51
consum,consumido,37,40
consum,consumatore,36,42
consum,consumismo,36,38
consum,consumatori,35,52
consum,consummated,35,37
consum,consumidas,25,27
consum,consument,23,36
consum,consummatory,21,36
consum,consumenten,18,30
consum,consumerist,18,20
consum,consumista,16,17
consum,consumidoras,15,17
consum,consumidora,13,15
consum,consumado,12,12
consum,consummates,12,12
consum,consump,12,13
consum,consumedly,11,11
consum,consumaci,10,10
consum,consumidors,10,10
consum,consumiendo,10,10
consum,consuma,7,7
consum,consumibles,7,7
consum,consumerista,6,7
consum,consumian,6,6
consum,consumptie,6,6
consum,consumia,5,5
consum,consumieron,5,5
consum,consumindo,5,5
consum,consumului,5,8
consum,consumare,4,4
consum,consumentengedrag,4,4
consum,consums,4,8
consum,consumtion,4,19
consum,consumacion,3,4
consum,consumada,3,3
consum,consumados,3,3
consum,consumar,3,3
consum,consumatorio,3,6
consum,consumerization,3,3
consum,consumiram,3,3
consum,consumirse,3,3
consum,consumistas,3,4
consum,consumiu,3,3
consum,consumpted,3,6
consum,consumptiegoederen,3,4
consum,consumptionand,3,3
consum,consuman,2,2
consum,consumatoria,2,2
consum,consumatory,2,3
consum,consumeix,2,3
consum,consumentenautoriteit,2,2
consum,consumentenkoop,2,2
consum,consumerbrand,2,2
consum,consumerismo,2,2
consum,consumeristas,2,2
consum,consumimos,2,2
consum,consumio,2,2
consum,consumirem,2,2
consum,consumirlo,2,2
consum,consumirlos,2,2
consum,consummately,2,2
consum,consummers,2,3
consum,consumprion,2,2
consum,consumptionof,2,2
consum,consumptionsaving,2,2
consum,consumptively,2,2
consum,consumul,2,6
consum,consumability,1,1
consum,consumacao,1,1
consum,consumadas,1,1
consum,consumando,1,1
consum,consumano,1,1
consum,consumaron,1,2
consum,consumata,1,1
consum,consumate,1,1
condition,conditions,64848,84002
condition,condition,28507,36172
condition,conditional,2079,2774
condition,conditioning,2015,3247
condition,conditioned,1764,2511
condition,conditionally,226,252
condition,conditioner,223,378
condition,conditioners,86,119
condition,conditionality,61,77
condition,conditionals,40,70
condition,conditionne,34,37
condition,conditionnement,32,47
condition,conditionnelle,26,34
condition,conditionnent,17,18
condition,conditionalities,16,17
condition,conditionings,11,11
condition,conditionn,9,10
condition,conditionnalit,8,10
condition,conditionnel,8,8
condition,conditionnee,7,11
condition,conditionnels,7,10
condition,conditionnes,7,7
condition,conditionsand,7,7
condition,conditionnees,6,6
condition,conditionnelles,5,7
condition,conditionner,5,5
condition,conditionnellement,4,4
condition,conditionson,4,4
condition,conditionsare,3,3
condition,conditionds,2,2
condition,conditionfor,2,2
condition,conditiongs,2,2
condition,conditionnalite,2,2
condition,conditionof,2,2
condition,conditionsfor,2,2
condition,conditionsof,2,2
condition,conditionsthe,2,2
condition,conditionswere,2,2
condition,conditionwas,2,2
condition,conditiona,1,1
condition,conditionability,1,1
condition,conditionalanalysis,1,1
condition,conditionalconservatism,1,2
condition,conditionaldistributions,1,1
condition,conditionali,1,1
condition,conditionalized,1,1
condition,conditionallly,1,1
condition,conditionallogistic,1,1
condition,conditionand,1,1
condition,conditionate,1,1
condition,conditionauthor,1,1
condition,conditionby,1,1
condition,conditionconsistency,1,1
condition,conditioncourse,1,1
condition,conditiond,1,1
condition,conditione,1,1
condition,conditionem,1,1
condition,conditionering,1,1
condition,conditiong,1,1
condition,conditioni,1,1
condition,conditionial,1,1
condition,conditionin,1,1
condition,conditioningem,1,2
condition,conditioningof,1,1
condition,conditioningsystem,1,1
condition,conditioningu,1,5
condition,conditionity,1,2
condition,conditionless,1,1
condition,conditionnalites,1,1
condition,conditionnament,1,1
condition,conditionnant,1,1
condition,conditionnants,1,1
condition,conditionned,1,1
condition,conditionnements,1,1
condition,conditionneront,1,1
condition,conditionnig,1,1
condition,conditionning,1,1
condition,conditionns,1,1
condition,conditionor,1,1
condition,conditionsaimed,1,1
condition,conditionsat,1,1
condition,conditionsbecause,1,1
condition,conditionsbut,1,1
condition,conditionsfinally,1,1
condition,conditionsin,1,1
condition,conditionsindex,1,1
condition,conditionsofthetwostandards,1,1
condition,conditionspecific,1,1
condition,conditionspecifictreatments,1,1
condition,conditionsunder,1,1
condition,conditionswhen,1,1
condition,conditionswp,1,1
condition,conditiont,1,1
condition,conditionthat,1,1
condition,conditionting,1,1
condition,conditionwere,1,1
cold,cold,6602,11355
cold,colder,119,138
cold,coldness,47,58
cold,colds,42,48
cold,coldest,41,48
cold,coldwater,7,7
cold,coldly,5,6
cold,colding,4,4
cold,coldspots,4,5
cold,coldfire,2,3
cold,coldfusion,2,4
cold,colditz,2,2
cold,coldmore,2,2
cold,coldwork,2,3
cold,coldand,1,1
cold,coldbefore,1,1
cold,coldblooded,1,1
cold,coldbloods,1,1
cold,coldbred,1,1
cold,coldbreds,1,4
cold,coldduring,1,1
cold,colde,1,1
cold,colded,1,1
cold,colden,1,1
cold,coldenia,1,1
cold,coldfet,1,1
cold,coldfinger,1,1
cold,coldformed,1,2
cold,coldframes,1,1
cold,coldfusionbr,1,2
cold,coldham,1,1
cold,coldhearted,1,1
cold,coldheartedness,1,3
cold,coldiag,1,3
cold,coldin,1,1
cold,coldiretti,1,1
cold,coldis,1,1
cold,coldischemic,1,1
cold,coldl,1,1
cold,coldlife,1,1
cold,coldman,1,2
cold,coldmodel,1,1
cold,coldn,1,1
cold,coldperiod,1,1
cold,coldperiods,1,1
cold,coldplasma,1,2
cold,coldplay,1,1
cold,coldpressed,1,1
cold,coldpressing,1,1
cold,coldrinks,1,1
cold,coldrolling,1,1
cold,coldron,1,1
cold,coldset,1,1
cold,coldsfoot,1,1
cold,coldshock,1,5
cold,coldshocked,1,1
cold,coldspot,1,1
cold,coldstage,1,1
cold,coldstate,1,1
cold,coldstorage,1,1
cold,coldstore,1,1
cold,coldtolerance,1,1
cold,coldwar,1,1
cold,coldwell,1,1
cold,coldworking,1,1
coast,coastal,3236,5081
coast,coast,2538,3370
coast,coastline,220,310
coast,coasts,219,261
coast,coastlines,54,62
coast,coaster,37,39
coast,coasting,14,21
coast,coastland,11,14
coast,coastwise,5,5
coast,coastcross,4,5
coast,coastdown,4,6
coast,coasters,4,6
coast,coastally,2,2
coast,coastel,2,2
coast,coastguard,2,6
coast,coastlands,2,4
coast,coasta,1,1
coast,coastals,1,1
coast,coastalscape,1,1
coast,coastalstates,1,1
coast,coastalstorm,1,1
coast,coastalt,1,1
coast,coastalvulnerability,1,1
coast,coastalwood,1,1
coast,coastdowns,1,1
coast,coastknown,1,1
coast,coastral,1,1
coast,coastswhere,1,1
coast,coastward,1,1
coast,coastwatch,1,1
climat,climate,8444,14826
climat,climatic,1907,2576
climat,climates,386,470
climat,climatology,185,218
climat,climatico,181,274
climat,climat,161,219
climat,climatological,137,162
climat,climatiques,126,167
climat,climaticas,124,147
climat,climatique,117,174
climat,climatizaci,64,65
climat,climaticos,62,80
climat,climatica,43,54
climat,climatically,41,46
climat,climaterio,27,39
climat,climatolog,27,27
climat,climatologia,23,26
climat,climatol,19,23
climat,climats,19,22
climat,climatizacion,15,17
climat,climatisation,11,15
climat,climatologicas,11,11
climat,climatizada,10,12
climat,climatologie,10,13
climat,climatologies,9,9
climat,climatologicos,8,9
climat,climatici,7,7
climat,climatologically,6,6
climat,climatologica,5,5
climat,climatologico,5,5
climat,climatologiques,5,6
climat,climatologists,5,5
climat,climatical,4,4
climat,climatiche,4,4
climat,climatics,4,5
climat,climatizacao,4,4
climat,climatizados,4,4
climat,climato,4,4
climat,climatologic,4,4
climat,climatologique,4,6
climat,climatechange,3,3
climat,climated,3,3
climat,climateric,3,3
climat,climatitzaci,3,3
climat,climatologist,3,3
climat,climatice,2,2
climat,climatitzacio,2,2
climat,climatiza,2,2
climat,climatizzanti,2,2
climat,climatizzazione,2,2
climat,climatogeographical,2,2
climat,climatologicamente,2,2
climat,climatotherapy,2,2
climat,climata,1,1
climat,climatal,1,1
climat,climatc,1,1
climat,climatearea,1,1
climat,climatechangeatlantic,1,1
climat,climateculture,1,1
climat,climatedynamics,1,1
climat,climategate,1,1
climat,climatenet,1,1
climat,climateprediction,1,1
climat,climaterica,1,1
climat,climatericas,1,1
climat,climaterico,1,1
climat,climatericos,1,1
climat,climateriques,1,1
climat,climaterix,1,1
climat,climatesand,1,1
climat,climatesmart,1,1
climat,climatewise,1,1
climat,climaticchange,1,1
climat,climaticcondition,1,1
climat,climatis,1,1
climat,climatizadas,1,1
climat,climatizado,1,1
climat,climatized,1,1
climat,climatogeographic,1,1
climat,climatography,1,3
climat,climatologias,1,1
climat,climatostratigraphic,1,1
climat,climatourism,1,1
climat,climatron,1,1
climat,climattery,1,1
climat,climatul,1,1
climat,climatypes,1,1
change,changes,63730,87784
change,change,45342,61394
change,changed,10489,11554
change,changement,491,621
change,changements,320,404
change,changeable,243,277
change,changer,177,200
change,changeover,52,76
change,changeability,39,49
change,changers,35,42
change,changeful,16,16
change,changent,16,16
change,changeux,12,14
change,changeless,11,11
change,changeant,10,10
change,changepoint,9,24
change,changesin,7,7
change,changeante,5,5
change,changein,5,5
change,changepoints,5,11
change,changeuse,5,6
change,changeantes,4,4
change,changeling,4,7
change,changelog,4,5
change,changemore,4,4
change,changeout,4,6
change,changethe,4,4
change,changeurs,4,4
change,changea,3,3
change,changeableness,3,6
change,changeables,3,4
change,changeants,3,3
change,changeof,3,3
change,changeovers,3,4
change,changesof,3,3
change,changeur,3,3
change,changeait,2,2
change,changeand,2,2
change,changedinto,2,2
change,changeing,2,2
change,changeis,2,2
change,changematerial,2,2
change,changemyview,2,2
change,changeouts,2,5
change,changesand,2,2
change,changesare,2,2
change,changesby,2,2
change,changesoccurring,2,2
change,changeuses,2,2
change,changewas,2,2
change,changez,2,2
change,changeabilities,1,1
change,changeaccording,1,1
change,changeaient,1,1
change,changeaux,1,1
change,changebecame,1,1
change,changeboth,1,1
change,changechapter,1,1
change,changecl,1,1
change,changedpartially,1,1
change,changedthe,1,1
change,changedto,1,1
change,changedunless,1,1
change,changee,1,1
change,changeed,1,1
change,changefully,1,1
change,changeinduced,1,1
change,changeings,1,1
change,changelogcoder,1,1
change,changemaker,1,1
change,changemasters,1,1
change,changemeans,1,1
change,changementprogressifet,1,1
change,changemment,1,1
change,changemodel,1,1
change,changen,1,1
change,changequestionnaire,1,1
change,changeready,1,1
change,changesa,1,1
change,changesbet,1,1
change,changescan,1,1
change,changeschanging,1,1
change,changese,1,1
change,changeset,1,1
change,changesmore,1,1
change,changesobserved,1,1
change,changesofcg,1,2
change,changess,1,1
change,changessuch,1,1
change,changest,1,1
change,changesthat,1,1
change,changeswere,1,1
change,changet,1,1
change,changetwo,1,1
change,changeui,1,1
car,care,32144,58174
car,carried,28809,31143
car,carbon,16439,29994
car,carcinoma,12488,23484
car,cardiac,11891,21999
car,cardiovascular,9153,14033
car,carry,6173,6564
car,carrying,5188,6194
car,carrier,4891,6936
car,car,4768,8016
car,career,3815,6537
car,careful,3564,3646
car,carefully,3240,3307
car,carriers,3172,4593
car,caracter,3161,3595
car,caracteristicas,2990,3548
car,carlo,2923,3604
car,cara,2740,3584
car,carbohydrate,2527,3663
car,carotid,2400,5362
car,carcinomas,2173,3596
car,carbonate,1911,3186
car,carries,1885,1960
car,card,1865,3238
car,cartilage,1836,4270
car,carlos,1611,1929
car,carcinogenesis,1601,2083
car,cardiomyopathy,1350,2114
car,cargo,1343,1914
car,cardiopulmonary,1255,1803
car,caregivers,1251,2477
car,caring,1210,1619
car,cars,1184,1799
car,carbohydrates,1097,1409
car,carbonyl,1063,1411
car,carolina,1038,1415
car,caries,1013,2383
car,carta,984,1104
car,caracterizaci,951,986
car,caracteriza,942,985
car,carboxylic,942,1249
car,carboxyl,939,1307
car,caract,918,1030
car,carcinogenic,906,1183
car,carrera,905,1163
car,careers,844,1022
car,caracteristiques,834,994
car,caribbean,787,1099
car,carga,781,1096
car,cards,759,1178
car,cardiomyocytes,733,1462
car,carbide,726,1130
car,carcass,670,1376
car,cardiology,631,809
car,carl,624,741
car,caracterizar,575,623
car,caregiver,556,972
car,carne,520,655
car,cartas,482,552
car,carboxy,479,600
car,carmen,476,561
car,carp,476,1103
car,cardinal,474,578
car,cardio,474,613
car,caribe,468,592
car,carcinogen,463,601
car,carboxylate,460,619
car,carotene,459,990
car,carriage,443,727
car,carater,428,465
car,carotenoids,427,805
car,caracterizacion,416,485
car,carotenoid,411,779
car,cart,411,579
car,cardiomyocyte,405,677
car,carbonaceous,380,560
car,carbons,372,544
car,caracterisation,369,433
car,carcinogens,367,501
car,carbonates,364,519
car,cardioprotective,363,439
car,carter,347,491
car,carbono,343,525
car,caracterizado,342,353
car,caractere,336,376
car,cardiorespiratory,336,487
car,carnitine,335,941
car,carbonic,333,481
car,carbamazepine,326,642
car,cardiogenic,317,459
car,carcinoembryonic,316,360
car,caracteristica,313,326
car,cartesian,312,408
car,carr,309,368
car,carboxymethyl,303,404
car,carte,302,367
car,caracteres,301,391
car,carreras,289,359
car,cartagena,282,396
car,carcasses,280,546
building,building,15771,22358
building,buildings,3187,5020
building,buildingmaterials,5,5
building,buildingexodus,3,3
building,buildingof,2,2
building,buildingson,2,2
building,buildingupon,2,2
building,buildingactual,1,1
building,buildingaes,1,1
building,buildingat,1,1
building,buildingdalam,1,1
building,buildingdistributed,1,1
building,buildingfacade,1,1
building,buildinghi,1,1
building,buildingis,1,1
building,buildingmaterial,1,1
building,buildingon,1,1
building,buildingphase,1,1
building,buildingsaudley,1,1
building,buildingsduring,1,1
building,buildingservice,1,1
building,buildingsetc,1,1
building,buildingsite,1,1
building,buildingsm,1,1
building,buildingsof,1,1
building,buildingssuch,1,1
building,buildingthe,1,1
building,buildingtheir,1,1
building,buildingtogetherthe,1,1
building,buildingup,1,1
building,buildingweight,1,1
building,buildingyard,1,1
bicycle,bicycle,477,934
bicycle,bicycles,97,142
bicycle,bicyclette,1,1
agricultur,agricultural,8623,15648
agricultur,agriculture,5880,9001
agricultur,agricultura,1112,1406
agricultur,agriculturally,67,67
agricultur,agricultures,32,44
agricultur,agriculturalists,14,20
agricultur,agriculturas,14,15
agricultur,agriculturists,8,16
agricultur,agriculturalist,7,7
agricultur,agriculturae,3,5
agricultur,agriculturist,3,3
agricultur,agriculturalization,2,6
agricultur,agriculturalproduction,2,2
agricultur,agriculturein,2,2
agricultur,agriculturization,2,2
agricultur,agricultur,1,1
agricultur,agriculturadel,1,1
agricultur,agriculturalassociation,1,1
agricultur,agriculturalbiotechnology,1,1
agricultur,agriculturalcollege,1,1
agricultur,agriculturaldevelopmental,1,1
agricultur,agriculturaleconomies,1,1
agricultur,agriculturalideaand,1,1
agricultur,agriculturalindllstrialization,1,1
agricultur,agriculturalindustry,1,1
agricultur,agriculturallands,1,2
agricultur,agriculturalmethods,1,1
agricultur,agriculturalor,1,1
agricultur,agriculturalproperty,1,1
agricultur,agriculturalsubsidy,1,1
agricultur,agriculturalsystems,1,1
agricultur,agriculturaltraining,1,1
agricultur,agriculturazation,1,1
agricultur,agricultureal,1,1
agricultur,agricultureand,1,1
agricultur,agricultureare,1,1
agricultur,agriculturebase,1,1
agricultur,agriculturecampaign,1,2
agricultur,agriculturedevelopment,1,1
agricultur,agriculturee,1,1
agricultur,agriculturefarm,1,1
agricultur,agriculturefields,1,1
agricultur,agriculturefisheries,1,1
agricultur,agriculturehas,1,1
agricultur,agriculturel,1,1
agricultur,agriculturelle,1,1
agricultur,agriculturequestion,1,1
agricultur,agriculturetax,1,1
agricultur,agriculturewhich,1,1
agricultur,agriculturial,1,1
agricultur,agriculturizaci,1,1
